"","date","hits","keyword","geo","time","gprop","category"
"1",2023-02-04,36,"American Military","world","2023-02-04 2023-03-23","web",0
"2",2023-02-05,41,"American Military","world","2023-02-04 2023-03-23","web",0
"3",2023-02-06,100,"American Military","world","2023-02-04 2023-03-23","web",0
"4",2023-02-07,86,"American Military","world","2023-02-04 2023-03-23","web",0
"5",2023-02-08,70,"American Military","world","2023-02-04 2023-03-23","web",0
"6",2023-02-09,85,"American Military","world","2023-02-04 2023-03-23","web",0
"7",2023-02-10,85,"American Military","world","2023-02-04 2023-03-23","web",0
"8",2023-02-11,37,"American Military","world","2023-02-04 2023-03-23","web",0
"9",2023-02-12,57,"American Military","world","2023-02-04 2023-03-23","web",0
"10",2023-02-13,72,"American Military","world","2023-02-04 2023-03-23","web",0
"11",2023-02-14,75,"American Military","world","2023-02-04 2023-03-23","web",0
"12",2023-02-15,67,"American Military","world","2023-02-04 2023-03-23","web",0
"13",2023-02-16,81,"American Military","world","2023-02-04 2023-03-23","web",0
"14",2023-02-17,62,"American Military","world","2023-02-04 2023-03-23","web",0
"15",2023-02-18,33,"American Military","world","2023-02-04 2023-03-23","web",0
"16",2023-02-19,37,"American Military","world","2023-02-04 2023-03-23","web",0
"17",2023-02-20,49,"American Military","world","2023-02-04 2023-03-23","web",0
"18",2023-02-21,75,"American Military","world","2023-02-04 2023-03-23","web",0
"19",2023-02-22,78,"American Military","world","2023-02-04 2023-03-23","web",0
"20",2023-02-23,69,"American Military","world","2023-02-04 2023-03-23","web",0
"21",2023-02-24,86,"American Military","world","2023-02-04 2023-03-23","web",0
"22",2023-02-25,47,"American Military","world","2023-02-04 2023-03-23","web",0
"23",2023-02-26,45,"American Military","world","2023-02-04 2023-03-23","web",0
"24",2023-02-27,86,"American Military","world","2023-02-04 2023-03-23","web",0
"25",2023-02-28,78,"American Military","world","2023-02-04 2023-03-23","web",0
"26",2023-03-01,65,"American Military","world","2023-02-04 2023-03-23","web",0
"27",2023-03-02,68,"American Military","world","2023-02-04 2023-03-23","web",0
"28",2023-03-03,71,"American Military","world","2023-02-04 2023-03-23","web",0
"29",2023-03-04,45,"American Military","world","2023-02-04 2023-03-23","web",0
"30",2023-03-05,41,"American Military","world","2023-02-04 2023-03-23","web",0
"31",2023-03-06,72,"American Military","world","2023-02-04 2023-03-23","web",0
"32",2023-03-07,63,"American Military","world","2023-02-04 2023-03-23","web",0
"33",2023-03-08,77,"American Military","world","2023-02-04 2023-03-23","web",0
"34",2023-03-09,79,"American Military","world","2023-02-04 2023-03-23","web",0
"35",2023-03-10,70,"American Military","world","2023-02-04 2023-03-23","web",0
"36",2023-03-11,43,"American Military","world","2023-02-04 2023-03-23","web",0
"37",2023-03-12,38,"American Military","world","2023-02-04 2023-03-23","web",0
"38",2023-03-13,67,"American Military","world","2023-02-04 2023-03-23","web",0
"39",2023-03-14,73,"American Military","world","2023-02-04 2023-03-23","web",0
"40",2023-03-15,56,"American Military","world","2023-02-04 2023-03-23","web",0
"41",2023-03-16,56,"American Military","world","2023-02-04 2023-03-23","web",0
"42",2023-03-17,54,"American Military","world","2023-02-04 2023-03-23","web",0
"43",2023-03-18,39,"American Military","world","2023-02-04 2023-03-23","web",0
"44",2023-03-19,53,"American Military","world","2023-02-04 2023-03-23","web",0
"45",2023-03-20,85,"American Military","world","2023-02-04 2023-03-23","web",0
"46",2023-03-21,70,"American Military","world","2023-02-04 2023-03-23","web",0
"47",2023-03-22,69,"American Military","world","2023-02-04 2023-03-23","web",0
"48",2023-03-23,67,"American Military","world","2023-02-04 2023-03-23","web",0
