"","date","hits","keyword","geo","time","gprop","category"
"1",2023-02-04,40,"Violence against Women","world","2023-02-04 2023-03-23","web",0
"2",2023-02-05,39,"Violence against Women","world","2023-02-04 2023-03-23","web",0
"3",2023-02-06,46,"Violence against Women","world","2023-02-04 2023-03-23","web",0
"4",2023-02-07,43,"Violence against Women","world","2023-02-04 2023-03-23","web",0
"5",2023-02-08,58,"Violence against Women","world","2023-02-04 2023-03-23","web",0
"6",2023-02-09,53,"Violence against Women","world","2023-02-04 2023-03-23","web",0
"7",2023-02-10,45,"Violence against Women","world","2023-02-04 2023-03-23","web",0
"8",2023-02-11,41,"Violence against Women","world","2023-02-04 2023-03-23","web",0
"9",2023-02-12,62,"Violence against Women","world","2023-02-04 2023-03-23","web",0
"10",2023-02-13,47,"Violence against Women","world","2023-02-04 2023-03-23","web",0
"11",2023-02-14,68,"Violence against Women","world","2023-02-04 2023-03-23","web",0
"12",2023-02-15,44,"Violence against Women","world","2023-02-04 2023-03-23","web",0
"13",2023-02-16,55,"Violence against Women","world","2023-02-04 2023-03-23","web",0
"14",2023-02-17,49,"Violence against Women","world","2023-02-04 2023-03-23","web",0
"15",2023-02-18,38,"Violence against Women","world","2023-02-04 2023-03-23","web",0
"16",2023-02-19,45,"Violence against Women","world","2023-02-04 2023-03-23","web",0
"17",2023-02-20,62,"Violence against Women","world","2023-02-04 2023-03-23","web",0
"18",2023-02-21,43,"Violence against Women","world","2023-02-04 2023-03-23","web",0
"19",2023-02-22,78,"Violence against Women","world","2023-02-04 2023-03-23","web",0
"20",2023-02-23,59,"Violence against Women","world","2023-02-04 2023-03-23","web",0
"21",2023-02-24,35,"Violence against Women","world","2023-02-04 2023-03-23","web",0
"22",2023-02-25,35,"Violence against Women","world","2023-02-04 2023-03-23","web",0
"23",2023-02-26,42,"Violence against Women","world","2023-02-04 2023-03-23","web",0
"24",2023-02-27,54,"Violence against Women","world","2023-02-04 2023-03-23","web",0
"25",2023-02-28,66,"Violence against Women","world","2023-02-04 2023-03-23","web",0
"26",2023-03-01,62,"Violence against Women","world","2023-02-04 2023-03-23","web",0
"27",2023-03-02,66,"Violence against Women","world","2023-02-04 2023-03-23","web",0
"28",2023-03-03,61,"Violence against Women","world","2023-02-04 2023-03-23","web",0
"29",2023-03-04,35,"Violence against Women","world","2023-02-04 2023-03-23","web",0
"30",2023-03-05,56,"Violence against Women","world","2023-02-04 2023-03-23","web",0
"31",2023-03-06,76,"Violence against Women","world","2023-02-04 2023-03-23","web",0
"32",2023-03-07,100,"Violence against Women","world","2023-02-04 2023-03-23","web",0
"33",2023-03-08,84,"Violence against Women","world","2023-02-04 2023-03-23","web",0
"34",2023-03-09,73,"Violence against Women","world","2023-02-04 2023-03-23","web",0
"35",2023-03-10,61,"Violence against Women","world","2023-02-04 2023-03-23","web",0
"36",2023-03-11,37,"Violence against Women","world","2023-02-04 2023-03-23","web",0
"37",2023-03-12,59,"Violence against Women","world","2023-02-04 2023-03-23","web",0
"38",2023-03-13,71,"Violence against Women","world","2023-02-04 2023-03-23","web",0
"39",2023-03-14,90,"Violence against Women","world","2023-02-04 2023-03-23","web",0
"40",2023-03-15,55,"Violence against Women","world","2023-02-04 2023-03-23","web",0
"41",2023-03-16,68,"Violence against Women","world","2023-02-04 2023-03-23","web",0
"42",2023-03-17,67,"Violence against Women","world","2023-02-04 2023-03-23","web",0
"43",2023-03-18,45,"Violence against Women","world","2023-02-04 2023-03-23","web",0
"44",2023-03-19,82,"Violence against Women","world","2023-02-04 2023-03-23","web",0
"45",2023-03-20,88,"Violence against Women","world","2023-02-04 2023-03-23","web",0
"46",2023-03-21,45,"Violence against Women","world","2023-02-04 2023-03-23","web",0
"47",2023-03-22,89,"Violence against Women","world","2023-02-04 2023-03-23","web",0
"48",2023-03-23,62,"Violence against Women","world","2023-02-04 2023-03-23","web",0
