"","date","hits","keyword","geo","time","gprop","category"
"1",2023-06-06 14:18:00,59,"kakhovka","world","now 4-H","web",0
"2",2023-06-06 14:19:00,94,"kakhovka","world","now 4-H","web",0
"3",2023-06-06 14:20:00,71,"kakhovka","world","now 4-H","web",0
"4",2023-06-06 14:21:00,60,"kakhovka","world","now 4-H","web",0
"5",2023-06-06 14:22:00,87,"kakhovka","world","now 4-H","web",0
"6",2023-06-06 14:23:00,72,"kakhovka","world","now 4-H","web",0
"7",2023-06-06 14:24:00,86,"kakhovka","world","now 4-H","web",0
"8",2023-06-06 14:25:00,77,"kakhovka","world","now 4-H","web",0
"9",2023-06-06 14:26:00,70,"kakhovka","world","now 4-H","web",0
"10",2023-06-06 14:27:00,97,"kakhovka","world","now 4-H","web",0
"11",2023-06-06 14:28:00,84,"kakhovka","world","now 4-H","web",0
"12",2023-06-06 14:29:00,86,"kakhovka","world","now 4-H","web",0
"13",2023-06-06 14:30:00,76,"kakhovka","world","now 4-H","web",0
"14",2023-06-06 14:31:00,87,"kakhovka","world","now 4-H","web",0
"15",2023-06-06 14:32:00,80,"kakhovka","world","now 4-H","web",0
"16",2023-06-06 14:33:00,79,"kakhovka","world","now 4-H","web",0
"17",2023-06-06 14:34:00,71,"kakhovka","world","now 4-H","web",0
"18",2023-06-06 14:35:00,66,"kakhovka","world","now 4-H","web",0
"19",2023-06-06 14:36:00,84,"kakhovka","world","now 4-H","web",0
"20",2023-06-06 14:37:00,83,"kakhovka","world","now 4-H","web",0
"21",2023-06-06 14:38:00,77,"kakhovka","world","now 4-H","web",0
"22",2023-06-06 14:39:00,83,"kakhovka","world","now 4-H","web",0
"23",2023-06-06 14:40:00,89,"kakhovka","world","now 4-H","web",0
"24",2023-06-06 14:41:00,73,"kakhovka","world","now 4-H","web",0
"25",2023-06-06 14:42:00,72,"kakhovka","world","now 4-H","web",0
"26",2023-06-06 14:43:00,88,"kakhovka","world","now 4-H","web",0
"27",2023-06-06 14:44:00,74,"kakhovka","world","now 4-H","web",0
"28",2023-06-06 14:45:00,82,"kakhovka","world","now 4-H","web",0
"29",2023-06-06 14:46:00,88,"kakhovka","world","now 4-H","web",0
"30",2023-06-06 14:47:00,71,"kakhovka","world","now 4-H","web",0
"31",2023-06-06 14:48:00,73,"kakhovka","world","now 4-H","web",0
"32",2023-06-06 14:49:00,71,"kakhovka","world","now 4-H","web",0
"33",2023-06-06 14:50:00,77,"kakhovka","world","now 4-H","web",0
"34",2023-06-06 14:51:00,97,"kakhovka","world","now 4-H","web",0
"35",2023-06-06 14:52:00,77,"kakhovka","world","now 4-H","web",0
"36",2023-06-06 14:53:00,76,"kakhovka","world","now 4-H","web",0
"37",2023-06-06 14:54:00,78,"kakhovka","world","now 4-H","web",0
"38",2023-06-06 14:55:00,88,"kakhovka","world","now 4-H","web",0
"39",2023-06-06 14:56:00,83,"kakhovka","world","now 4-H","web",0
"40",2023-06-06 14:57:00,82,"kakhovka","world","now 4-H","web",0
"41",2023-06-06 14:58:00,80,"kakhovka","world","now 4-H","web",0
"42",2023-06-06 14:59:00,66,"kakhovka","world","now 4-H","web",0
"43",2023-06-06 15:00:00,79,"kakhovka","world","now 4-H","web",0
"44",2023-06-06 15:01:00,79,"kakhovka","world","now 4-H","web",0
"45",2023-06-06 15:02:00,74,"kakhovka","world","now 4-H","web",0
"46",2023-06-06 15:03:00,74,"kakhovka","world","now 4-H","web",0
"47",2023-06-06 15:04:00,87,"kakhovka","world","now 4-H","web",0
"48",2023-06-06 15:05:00,82,"kakhovka","world","now 4-H","web",0
"49",2023-06-06 15:06:00,89,"kakhovka","world","now 4-H","web",0
"50",2023-06-06 15:07:00,82,"kakhovka","world","now 4-H","web",0
"51",2023-06-06 15:08:00,76,"kakhovka","world","now 4-H","web",0
"52",2023-06-06 15:09:00,77,"kakhovka","world","now 4-H","web",0
"53",2023-06-06 15:10:00,69,"kakhovka","world","now 4-H","web",0
"54",2023-06-06 15:11:00,75,"kakhovka","world","now 4-H","web",0
"55",2023-06-06 15:12:00,84,"kakhovka","world","now 4-H","web",0
"56",2023-06-06 15:13:00,78,"kakhovka","world","now 4-H","web",0
"57",2023-06-06 15:14:00,73,"kakhovka","world","now 4-H","web",0
"58",2023-06-06 15:15:00,89,"kakhovka","world","now 4-H","web",0
"59",2023-06-06 15:16:00,78,"kakhovka","world","now 4-H","web",0
"60",2023-06-06 15:17:00,78,"kakhovka","world","now 4-H","web",0
"61",2023-06-06 15:18:00,88,"kakhovka","world","now 4-H","web",0
"62",2023-06-06 15:19:00,88,"kakhovka","world","now 4-H","web",0
"63",2023-06-06 15:20:00,68,"kakhovka","world","now 4-H","web",0
"64",2023-06-06 15:21:00,71,"kakhovka","world","now 4-H","web",0
"65",2023-06-06 15:22:00,76,"kakhovka","world","now 4-H","web",0
"66",2023-06-06 15:23:00,78,"kakhovka","world","now 4-H","web",0
"67",2023-06-06 15:24:00,82,"kakhovka","world","now 4-H","web",0
"68",2023-06-06 15:25:00,75,"kakhovka","world","now 4-H","web",0
"69",2023-06-06 15:26:00,66,"kakhovka","world","now 4-H","web",0
"70",2023-06-06 15:27:00,66,"kakhovka","world","now 4-H","web",0
"71",2023-06-06 15:28:00,85,"kakhovka","world","now 4-H","web",0
"72",2023-06-06 15:29:00,68,"kakhovka","world","now 4-H","web",0
"73",2023-06-06 15:30:00,86,"kakhovka","world","now 4-H","web",0
"74",2023-06-06 15:31:00,72,"kakhovka","world","now 4-H","web",0
"75",2023-06-06 15:32:00,90,"kakhovka","world","now 4-H","web",0
"76",2023-06-06 15:33:00,85,"kakhovka","world","now 4-H","web",0
"77",2023-06-06 15:34:00,88,"kakhovka","world","now 4-H","web",0
"78",2023-06-06 15:35:00,87,"kakhovka","world","now 4-H","web",0
"79",2023-06-06 15:36:00,69,"kakhovka","world","now 4-H","web",0
"80",2023-06-06 15:37:00,76,"kakhovka","world","now 4-H","web",0
"81",2023-06-06 15:38:00,60,"kakhovka","world","now 4-H","web",0
"82",2023-06-06 15:39:00,75,"kakhovka","world","now 4-H","web",0
"83",2023-06-06 15:40:00,65,"kakhovka","world","now 4-H","web",0
"84",2023-06-06 15:41:00,71,"kakhovka","world","now 4-H","web",0
"85",2023-06-06 15:42:00,71,"kakhovka","world","now 4-H","web",0
"86",2023-06-06 15:43:00,85,"kakhovka","world","now 4-H","web",0
"87",2023-06-06 15:44:00,65,"kakhovka","world","now 4-H","web",0
"88",2023-06-06 15:45:00,70,"kakhovka","world","now 4-H","web",0
"89",2023-06-06 15:46:00,62,"kakhovka","world","now 4-H","web",0
"90",2023-06-06 15:47:00,75,"kakhovka","world","now 4-H","web",0
"91",2023-06-06 15:48:00,75,"kakhovka","world","now 4-H","web",0
"92",2023-06-06 15:49:00,76,"kakhovka","world","now 4-H","web",0
"93",2023-06-06 15:50:00,72,"kakhovka","world","now 4-H","web",0
"94",2023-06-06 15:51:00,75,"kakhovka","world","now 4-H","web",0
"95",2023-06-06 15:52:00,75,"kakhovka","world","now 4-H","web",0
"96",2023-06-06 15:53:00,60,"kakhovka","world","now 4-H","web",0
"97",2023-06-06 15:54:00,66,"kakhovka","world","now 4-H","web",0
"98",2023-06-06 15:55:00,78,"kakhovka","world","now 4-H","web",0
"99",2023-06-06 15:56:00,83,"kakhovka","world","now 4-H","web",0
"100",2023-06-06 15:57:00,76,"kakhovka","world","now 4-H","web",0
"101",2023-06-06 15:58:00,73,"kakhovka","world","now 4-H","web",0
"102",2023-06-06 15:59:00,85,"kakhovka","world","now 4-H","web",0
"103",2023-06-06 16:00:00,80,"kakhovka","world","now 4-H","web",0
"104",2023-06-06 16:01:00,70,"kakhovka","world","now 4-H","web",0
"105",2023-06-06 16:02:00,82,"kakhovka","world","now 4-H","web",0
"106",2023-06-06 16:03:00,75,"kakhovka","world","now 4-H","web",0
"107",2023-06-06 16:04:00,82,"kakhovka","world","now 4-H","web",0
"108",2023-06-06 16:05:00,85,"kakhovka","world","now 4-H","web",0
"109",2023-06-06 16:06:00,86,"kakhovka","world","now 4-H","web",0
"110",2023-06-06 16:07:00,69,"kakhovka","world","now 4-H","web",0
"111",2023-06-06 16:08:00,54,"kakhovka","world","now 4-H","web",0
"112",2023-06-06 16:09:00,56,"kakhovka","world","now 4-H","web",0
"113",2023-06-06 16:10:00,74,"kakhovka","world","now 4-H","web",0
"114",2023-06-06 16:11:00,72,"kakhovka","world","now 4-H","web",0
"115",2023-06-06 16:12:00,75,"kakhovka","world","now 4-H","web",0
"116",2023-06-06 16:13:00,71,"kakhovka","world","now 4-H","web",0
"117",2023-06-06 16:14:00,77,"kakhovka","world","now 4-H","web",0
"118",2023-06-06 16:15:00,75,"kakhovka","world","now 4-H","web",0
"119",2023-06-06 16:16:00,70,"kakhovka","world","now 4-H","web",0
"120",2023-06-06 16:17:00,70,"kakhovka","world","now 4-H","web",0
"121",2023-06-06 16:18:00,71,"kakhovka","world","now 4-H","web",0
"122",2023-06-06 16:19:00,75,"kakhovka","world","now 4-H","web",0
"123",2023-06-06 16:20:00,83,"kakhovka","world","now 4-H","web",0
"124",2023-06-06 16:21:00,62,"kakhovka","world","now 4-H","web",0
"125",2023-06-06 16:22:00,74,"kakhovka","world","now 4-H","web",0
"126",2023-06-06 16:23:00,74,"kakhovka","world","now 4-H","web",0
"127",2023-06-06 16:24:00,77,"kakhovka","world","now 4-H","web",0
"128",2023-06-06 16:25:00,84,"kakhovka","world","now 4-H","web",0
"129",2023-06-06 16:26:00,87,"kakhovka","world","now 4-H","web",0
"130",2023-06-06 16:27:00,93,"kakhovka","world","now 4-H","web",0
"131",2023-06-06 16:28:00,76,"kakhovka","world","now 4-H","web",0
"132",2023-06-06 16:29:00,74,"kakhovka","world","now 4-H","web",0
"133",2023-06-06 16:30:00,80,"kakhovka","world","now 4-H","web",0
"134",2023-06-06 16:31:00,82,"kakhovka","world","now 4-H","web",0
"135",2023-06-06 16:32:00,80,"kakhovka","world","now 4-H","web",0
"136",2023-06-06 16:33:00,72,"kakhovka","world","now 4-H","web",0
"137",2023-06-06 16:34:00,59,"kakhovka","world","now 4-H","web",0
"138",2023-06-06 16:35:00,80,"kakhovka","world","now 4-H","web",0
"139",2023-06-06 16:36:00,73,"kakhovka","world","now 4-H","web",0
"140",2023-06-06 16:37:00,80,"kakhovka","world","now 4-H","web",0
"141",2023-06-06 16:38:00,65,"kakhovka","world","now 4-H","web",0
"142",2023-06-06 16:39:00,65,"kakhovka","world","now 4-H","web",0
"143",2023-06-06 16:40:00,86,"kakhovka","world","now 4-H","web",0
"144",2023-06-06 16:41:00,77,"kakhovka","world","now 4-H","web",0
"145",2023-06-06 16:42:00,75,"kakhovka","world","now 4-H","web",0
"146",2023-06-06 16:43:00,72,"kakhovka","world","now 4-H","web",0
"147",2023-06-06 16:44:00,78,"kakhovka","world","now 4-H","web",0
"148",2023-06-06 16:45:00,71,"kakhovka","world","now 4-H","web",0
"149",2023-06-06 16:46:00,97,"kakhovka","world","now 4-H","web",0
"150",2023-06-06 16:47:00,73,"kakhovka","world","now 4-H","web",0
"151",2023-06-06 16:48:00,81,"kakhovka","world","now 4-H","web",0
"152",2023-06-06 16:49:00,68,"kakhovka","world","now 4-H","web",0
"153",2023-06-06 16:50:00,89,"kakhovka","world","now 4-H","web",0
"154",2023-06-06 16:51:00,68,"kakhovka","world","now 4-H","web",0
"155",2023-06-06 16:52:00,68,"kakhovka","world","now 4-H","web",0
"156",2023-06-06 16:53:00,72,"kakhovka","world","now 4-H","web",0
"157",2023-06-06 16:54:00,77,"kakhovka","world","now 4-H","web",0
"158",2023-06-06 16:55:00,86,"kakhovka","world","now 4-H","web",0
"159",2023-06-06 16:56:00,77,"kakhovka","world","now 4-H","web",0
"160",2023-06-06 16:57:00,69,"kakhovka","world","now 4-H","web",0
"161",2023-06-06 16:58:00,64,"kakhovka","world","now 4-H","web",0
"162",2023-06-06 16:59:00,75,"kakhovka","world","now 4-H","web",0
"163",2023-06-06 17:00:00,67,"kakhovka","world","now 4-H","web",0
"164",2023-06-06 17:01:00,62,"kakhovka","world","now 4-H","web",0
"165",2023-06-06 17:02:00,77,"kakhovka","world","now 4-H","web",0
"166",2023-06-06 17:03:00,62,"kakhovka","world","now 4-H","web",0
"167",2023-06-06 17:04:00,88,"kakhovka","world","now 4-H","web",0
"168",2023-06-06 17:05:00,86,"kakhovka","world","now 4-H","web",0
"169",2023-06-06 17:06:00,78,"kakhovka","world","now 4-H","web",0
"170",2023-06-06 17:07:00,91,"kakhovka","world","now 4-H","web",0
"171",2023-06-06 17:08:00,67,"kakhovka","world","now 4-H","web",0
"172",2023-06-06 17:09:00,84,"kakhovka","world","now 4-H","web",0
"173",2023-06-06 17:10:00,100,"kakhovka","world","now 4-H","web",0
"174",2023-06-06 17:11:00,82,"kakhovka","world","now 4-H","web",0
"175",2023-06-06 17:12:00,78,"kakhovka","world","now 4-H","web",0
"176",2023-06-06 17:13:00,85,"kakhovka","world","now 4-H","web",0
"177",2023-06-06 17:14:00,92,"kakhovka","world","now 4-H","web",0
"178",2023-06-06 17:15:00,61,"kakhovka","world","now 4-H","web",0
"179",2023-06-06 17:16:00,86,"kakhovka","world","now 4-H","web",0
"180",2023-06-06 17:17:00,63,"kakhovka","world","now 4-H","web",0
"181",2023-06-06 17:18:00,74,"kakhovka","world","now 4-H","web",0
"182",2023-06-06 17:19:00,75,"kakhovka","world","now 4-H","web",0
"183",2023-06-06 17:20:00,87,"kakhovka","world","now 4-H","web",0
"184",2023-06-06 17:21:00,73,"kakhovka","world","now 4-H","web",0
"185",2023-06-06 17:22:00,62,"kakhovka","world","now 4-H","web",0
"186",2023-06-06 17:23:00,95,"kakhovka","world","now 4-H","web",0
"187",2023-06-06 17:24:00,73,"kakhovka","world","now 4-H","web",0
"188",2023-06-06 17:25:00,77,"kakhovka","world","now 4-H","web",0
"189",2023-06-06 17:26:00,53,"kakhovka","world","now 4-H","web",0
"190",2023-06-06 17:27:00,73,"kakhovka","world","now 4-H","web",0
"191",2023-06-06 17:28:00,78,"kakhovka","world","now 4-H","web",0
"192",2023-06-06 17:29:00,88,"kakhovka","world","now 4-H","web",0
"193",2023-06-06 17:30:00,95,"kakhovka","world","now 4-H","web",0
"194",2023-06-06 17:31:00,78,"kakhovka","world","now 4-H","web",0
"195",2023-06-06 17:32:00,80,"kakhovka","world","now 4-H","web",0
"196",2023-06-06 17:33:00,84,"kakhovka","world","now 4-H","web",0
"197",2023-06-06 17:34:00,74,"kakhovka","world","now 4-H","web",0
"198",2023-06-06 17:35:00,74,"kakhovka","world","now 4-H","web",0
"199",2023-06-06 17:36:00,76,"kakhovka","world","now 4-H","web",0
"200",2023-06-06 17:37:00,79,"kakhovka","world","now 4-H","web",0
"201",2023-06-06 17:38:00,76,"kakhovka","world","now 4-H","web",0
"202",2023-06-06 17:39:00,74,"kakhovka","world","now 4-H","web",0
"203",2023-06-06 17:40:00,77,"kakhovka","world","now 4-H","web",0
"204",2023-06-06 17:41:00,92,"kakhovka","world","now 4-H","web",0
"205",2023-06-06 17:42:00,73,"kakhovka","world","now 4-H","web",0
"206",2023-06-06 17:43:00,77,"kakhovka","world","now 4-H","web",0
"207",2023-06-06 17:44:00,78,"kakhovka","world","now 4-H","web",0
"208",2023-06-06 17:45:00,75,"kakhovka","world","now 4-H","web",0
"209",2023-06-06 17:46:00,71,"kakhovka","world","now 4-H","web",0
"210",2023-06-06 17:47:00,86,"kakhovka","world","now 4-H","web",0
"211",2023-06-06 17:48:00,79,"kakhovka","world","now 4-H","web",0
"212",2023-06-06 17:49:00,85,"kakhovka","world","now 4-H","web",0
"213",2023-06-06 17:50:00,92,"kakhovka","world","now 4-H","web",0
"214",2023-06-06 17:51:00,80,"kakhovka","world","now 4-H","web",0
"215",2023-06-06 17:52:00,63,"kakhovka","world","now 4-H","web",0
"216",2023-06-06 17:53:00,71,"kakhovka","world","now 4-H","web",0
"217",2023-06-06 17:54:00,96,"kakhovka","world","now 4-H","web",0
"218",2023-06-06 17:55:00,70,"kakhovka","world","now 4-H","web",0
"219",2023-06-06 17:56:00,81,"kakhovka","world","now 4-H","web",0
"220",2023-06-06 17:57:00,84,"kakhovka","world","now 4-H","web",0
"221",2023-06-06 17:58:00,71,"kakhovka","world","now 4-H","web",0
"222",2023-06-06 17:59:00,79,"kakhovka","world","now 4-H","web",0
"223",2023-06-06 18:00:00,87,"kakhovka","world","now 4-H","web",0
"224",2023-06-06 18:01:00,72,"kakhovka","world","now 4-H","web",0
"225",2023-06-06 18:02:00,84,"kakhovka","world","now 4-H","web",0
"226",2023-06-06 18:03:00,77,"kakhovka","world","now 4-H","web",0
"227",2023-06-06 18:04:00,80,"kakhovka","world","now 4-H","web",0
"228",2023-06-06 18:05:00,77,"kakhovka","world","now 4-H","web",0
"229",2023-06-06 18:06:00,93,"kakhovka","world","now 4-H","web",0
"230",2023-06-06 18:07:00,83,"kakhovka","world","now 4-H","web",0
"231",2023-06-06 18:08:00,83,"kakhovka","world","now 4-H","web",0
"232",2023-06-06 18:09:00,95,"kakhovka","world","now 4-H","web",0
"233",2023-06-06 18:10:00,92,"kakhovka","world","now 4-H","web",0
"234",2023-06-06 18:11:00,89,"kakhovka","world","now 4-H","web",0
"235",2023-06-06 18:12:00,90,"kakhovka","world","now 4-H","web",0
"236",2023-06-06 18:13:00,86,"kakhovka","world","now 4-H","web",0
"237",2023-06-06 18:14:00,72,"kakhovka","world","now 4-H","web",0
