,date,hits,keyword,geo,time,gprop,category
1,6:33:00 PM,76,Ukraine,world,now 4-H,web,0
2,6:34:00 PM,73,Ukraine,world,now 4-H,web,0
3,6:35:00 PM,67,Ukraine,world,now 4-H,web,0
4,6:36:00 PM,69,Ukraine,world,now 4-H,web,0
5,6:37:00 PM,81,Ukraine,world,now 4-H,web,0
6,6:38:00 PM,64,Ukraine,world,now 4-H,web,0
7,6:39:00 PM,76,Ukraine,world,now 4-H,web,0
8,6:40:00 PM,67,Ukraine,world,now 4-H,web,0
9,6:41:00 PM,70,Ukraine,world,now 4-H,web,0
10,6:42:00 PM,74,Ukraine,world,now 4-H,web,0
11,6:43:00 PM,75,Ukraine,world,now 4-H,web,0
12,6:44:00 PM,68,Ukraine,world,now 4-H,web,0
13,6:45:00 PM,69,Ukraine,world,now 4-H,web,0
14,6:46:00 PM,70,Ukraine,world,now 4-H,web,0
15,6:47:00 PM,62,Ukraine,world,now 4-H,web,0
16,6:48:00 PM,79,Ukraine,world,now 4-H,web,0
17,6:49:00 PM,65,Ukraine,world,now 4-H,web,0
18,6:50:00 PM,63,Ukraine,world,now 4-H,web,0
19,6:51:00 PM,72,Ukraine,world,now 4-H,web,0
20,6:52:00 PM,74,Ukraine,world,now 4-H,web,0
21,6:53:00 PM,69,Ukraine,world,now 4-H,web,0
22,6:54:00 PM,73,Ukraine,world,now 4-H,web,0
23,6:55:00 PM,76,Ukraine,world,now 4-H,web,0
24,6:56:00 PM,64,Ukraine,world,now 4-H,web,0
25,6:57:00 PM,73,Ukraine,world,now 4-H,web,0
26,6:58:00 PM,75,Ukraine,world,now 4-H,web,0
27,6:59:00 PM,74,Ukraine,world,now 4-H,web,0
28,7:00:00 PM,75,Ukraine,world,now 4-H,web,0
29,7:01:00 PM,73,Ukraine,world,now 4-H,web,0
30,7:02:00 PM,64,Ukraine,world,now 4-H,web,0
31,7:03:00 PM,59,Ukraine,world,now 4-H,web,0
32,7:04:00 PM,73,Ukraine,world,now 4-H,web,0
33,7:05:00 PM,76,Ukraine,world,now 4-H,web,0
34,7:06:00 PM,77,Ukraine,world,now 4-H,web,0
35,7:07:00 PM,73,Ukraine,world,now 4-H,web,0
36,7:08:00 PM,78,Ukraine,world,now 4-H,web,0
37,7:09:00 PM,73,Ukraine,world,now 4-H,web,0
38,7:10:00 PM,68,Ukraine,world,now 4-H,web,0
39,7:11:00 PM,77,Ukraine,world,now 4-H,web,0
40,7:12:00 PM,74,Ukraine,world,now 4-H,web,0
41,7:13:00 PM,80,Ukraine,world,now 4-H,web,0
42,7:14:00 PM,78,Ukraine,world,now 4-H,web,0
43,7:15:00 PM,67,Ukraine,world,now 4-H,web,0
44,7:16:00 PM,74,Ukraine,world,now 4-H,web,0
45,7:17:00 PM,71,Ukraine,world,now 4-H,web,0
46,7:18:00 PM,67,Ukraine,world,now 4-H,web,0
47,7:19:00 PM,66,Ukraine,world,now 4-H,web,0
48,7:20:00 PM,63,Ukraine,world,now 4-H,web,0
49,7:21:00 PM,75,Ukraine,world,now 4-H,web,0
50,7:22:00 PM,63,Ukraine,world,now 4-H,web,0
51,7:23:00 PM,70,Ukraine,world,now 4-H,web,0
52,7:24:00 PM,68,Ukraine,world,now 4-H,web,0
53,7:25:00 PM,77,Ukraine,world,now 4-H,web,0
54,7:26:00 PM,78,Ukraine,world,now 4-H,web,0
55,7:27:00 PM,72,Ukraine,world,now 4-H,web,0
56,7:28:00 PM,75,Ukraine,world,now 4-H,web,0
57,7:29:00 PM,77,Ukraine,world,now 4-H,web,0
58,7:30:00 PM,78,Ukraine,world,now 4-H,web,0
59,7:31:00 PM,77,Ukraine,world,now 4-H,web,0
60,7:32:00 PM,73,Ukraine,world,now 4-H,web,0
61,7:33:00 PM,81,Ukraine,world,now 4-H,web,0
62,7:34:00 PM,69,Ukraine,world,now 4-H,web,0
63,7:35:00 PM,77,Ukraine,world,now 4-H,web,0
64,7:36:00 PM,75,Ukraine,world,now 4-H,web,0
65,7:37:00 PM,81,Ukraine,world,now 4-H,web,0
66,7:38:00 PM,83,Ukraine,world,now 4-H,web,0
67,7:39:00 PM,80,Ukraine,world,now 4-H,web,0
68,7:40:00 PM,79,Ukraine,world,now 4-H,web,0
69,7:41:00 PM,84,Ukraine,world,now 4-H,web,0
70,7:42:00 PM,81,Ukraine,world,now 4-H,web,0
71,7:43:00 PM,76,Ukraine,world,now 4-H,web,0
72,7:44:00 PM,70,Ukraine,world,now 4-H,web,0
73,7:45:00 PM,78,Ukraine,world,now 4-H,web,0
74,7:46:00 PM,75,Ukraine,world,now 4-H,web,0
75,7:47:00 PM,75,Ukraine,world,now 4-H,web,0
76,7:48:00 PM,67,Ukraine,world,now 4-H,web,0
77,7:49:00 PM,80,Ukraine,world,now 4-H,web,0
78,7:50:00 PM,74,Ukraine,world,now 4-H,web,0
79,7:51:00 PM,78,Ukraine,world,now 4-H,web,0
80,7:52:00 PM,74,Ukraine,world,now 4-H,web,0
81,7:53:00 PM,76,Ukraine,world,now 4-H,web,0
82,7:54:00 PM,80,Ukraine,world,now 4-H,web,0
83,7:55:00 PM,78,Ukraine,world,now 4-H,web,0
84,7:56:00 PM,81,Ukraine,world,now 4-H,web,0
85,7:57:00 PM,78,Ukraine,world,now 4-H,web,0
86,7:58:00 PM,72,Ukraine,world,now 4-H,web,0
87,7:59:00 PM,86,Ukraine,world,now 4-H,web,0
88,8:00:00 PM,81,Ukraine,world,now 4-H,web,0
89,8:01:00 PM,75,Ukraine,world,now 4-H,web,0
90,8:02:00 PM,82,Ukraine,world,now 4-H,web,0
91,8:03:00 PM,81,Ukraine,world,now 4-H,web,0
92,8:04:00 PM,73,Ukraine,world,now 4-H,web,0
93,8:05:00 PM,71,Ukraine,world,now 4-H,web,0
94,8:06:00 PM,71,Ukraine,world,now 4-H,web,0
95,8:07:00 PM,84,Ukraine,world,now 4-H,web,0
96,8:08:00 PM,79,Ukraine,world,now 4-H,web,0
97,8:09:00 PM,77,Ukraine,world,now 4-H,web,0
98,8:10:00 PM,74,Ukraine,world,now 4-H,web,0
99,8:11:00 PM,81,Ukraine,world,now 4-H,web,0
100,8:12:00 PM,78,Ukraine,world,now 4-H,web,0
101,8:13:00 PM,87,Ukraine,world,now 4-H,web,0
102,8:14:00 PM,82,Ukraine,world,now 4-H,web,0
103,8:15:00 PM,72,Ukraine,world,now 4-H,web,0
104,8:16:00 PM,77,Ukraine,world,now 4-H,web,0
105,8:17:00 PM,82,Ukraine,world,now 4-H,web,0
106,8:18:00 PM,78,Ukraine,world,now 4-H,web,0
107,8:19:00 PM,73,Ukraine,world,now 4-H,web,0
108,8:20:00 PM,83,Ukraine,world,now 4-H,web,0
109,8:21:00 PM,85,Ukraine,world,now 4-H,web,0
110,8:22:00 PM,81,Ukraine,world,now 4-H,web,0
111,8:23:00 PM,81,Ukraine,world,now 4-H,web,0
112,8:24:00 PM,78,Ukraine,world,now 4-H,web,0
113,8:25:00 PM,84,Ukraine,world,now 4-H,web,0
114,8:26:00 PM,83,Ukraine,world,now 4-H,web,0
115,8:27:00 PM,82,Ukraine,world,now 4-H,web,0
116,8:28:00 PM,82,Ukraine,world,now 4-H,web,0
117,8:29:00 PM,83,Ukraine,world,now 4-H,web,0
118,8:30:00 PM,77,Ukraine,world,now 4-H,web,0
119,8:31:00 PM,81,Ukraine,world,now 4-H,web,0
120,8:32:00 PM,86,Ukraine,world,now 4-H,web,0
121,8:33:00 PM,76,Ukraine,world,now 4-H,web,0
122,8:34:00 PM,83,Ukraine,world,now 4-H,web,0
123,8:35:00 PM,70,Ukraine,world,now 4-H,web,0
124,8:36:00 PM,86,Ukraine,world,now 4-H,web,0
125,8:37:00 PM,85,Ukraine,world,now 4-H,web,0
126,8:38:00 PM,75,Ukraine,world,now 4-H,web,0
127,8:39:00 PM,71,Ukraine,world,now 4-H,web,0
128,8:40:00 PM,84,Ukraine,world,now 4-H,web,0
129,8:41:00 PM,74,Ukraine,world,now 4-H,web,0
130,8:42:00 PM,88,Ukraine,world,now 4-H,web,0
131,8:43:00 PM,73,Ukraine,world,now 4-H,web,0
132,8:44:00 PM,83,Ukraine,world,now 4-H,web,0
133,8:45:00 PM,70,Ukraine,world,now 4-H,web,0
134,8:46:00 PM,75,Ukraine,world,now 4-H,web,0
135,8:47:00 PM,73,Ukraine,world,now 4-H,web,0
136,8:48:00 PM,80,Ukraine,world,now 4-H,web,0
137,8:49:00 PM,84,Ukraine,world,now 4-H,web,0
138,8:50:00 PM,76,Ukraine,world,now 4-H,web,0
139,8:51:00 PM,91,Ukraine,world,now 4-H,web,0
140,8:52:00 PM,71,Ukraine,world,now 4-H,web,0
141,8:53:00 PM,74,Ukraine,world,now 4-H,web,0
142,8:54:00 PM,76,Ukraine,world,now 4-H,web,0
143,8:55:00 PM,85,Ukraine,world,now 4-H,web,0
144,8:56:00 PM,87,Ukraine,world,now 4-H,web,0
145,8:57:00 PM,84,Ukraine,world,now 4-H,web,0
146,8:58:00 PM,74,Ukraine,world,now 4-H,web,0
147,8:59:00 PM,75,Ukraine,world,now 4-H,web,0
148,9:00:00 PM,85,Ukraine,world,now 4-H,web,0
149,9:01:00 PM,82,Ukraine,world,now 4-H,web,0
150,9:02:00 PM,83,Ukraine,world,now 4-H,web,0
151,9:03:00 PM,73,Ukraine,world,now 4-H,web,0
152,9:04:00 PM,71,Ukraine,world,now 4-H,web,0
153,9:05:00 PM,88,Ukraine,world,now 4-H,web,0
154,9:06:00 PM,88,Ukraine,world,now 4-H,web,0
155,9:07:00 PM,83,Ukraine,world,now 4-H,web,0
156,9:08:00 PM,76,Ukraine,world,now 4-H,web,0
157,9:09:00 PM,80,Ukraine,world,now 4-H,web,0
158,9:10:00 PM,76,Ukraine,world,now 4-H,web,0
159,9:11:00 PM,79,Ukraine,world,now 4-H,web,0
160,9:12:00 PM,74,Ukraine,world,now 4-H,web,0
161,9:13:00 PM,78,Ukraine,world,now 4-H,web,0
162,9:14:00 PM,80,Ukraine,world,now 4-H,web,0
163,9:15:00 PM,83,Ukraine,world,now 4-H,web,0
164,9:16:00 PM,74,Ukraine,world,now 4-H,web,0
165,9:17:00 PM,71,Ukraine,world,now 4-H,web,0
166,9:18:00 PM,79,Ukraine,world,now 4-H,web,0
167,9:19:00 PM,76,Ukraine,world,now 4-H,web,0
168,9:20:00 PM,72,Ukraine,world,now 4-H,web,0
169,9:21:00 PM,71,Ukraine,world,now 4-H,web,0
170,9:22:00 PM,67,Ukraine,world,now 4-H,web,0
171,9:23:00 PM,70,Ukraine,world,now 4-H,web,0
172,9:24:00 PM,83,Ukraine,world,now 4-H,web,0
173,9:25:00 PM,74,Ukraine,world,now 4-H,web,0
174,9:26:00 PM,72,Ukraine,world,now 4-H,web,0
175,9:27:00 PM,73,Ukraine,world,now 4-H,web,0
176,9:28:00 PM,76,Ukraine,world,now 4-H,web,0
177,9:29:00 PM,79,Ukraine,world,now 4-H,web,0
178,9:30:00 PM,77,Ukraine,world,now 4-H,web,0
179,9:31:00 PM,73,Ukraine,world,now 4-H,web,0
180,9:32:00 PM,71,Ukraine,world,now 4-H,web,0
181,9:33:00 PM,73,Ukraine,world,now 4-H,web,0
182,9:34:00 PM,82,Ukraine,world,now 4-H,web,0
183,9:35:00 PM,81,Ukraine,world,now 4-H,web,0
184,9:36:00 PM,69,Ukraine,world,now 4-H,web,0
185,9:37:00 PM,75,Ukraine,world,now 4-H,web,0
186,9:38:00 PM,100,Ukraine,world,now 4-H,web,0
187,9:39:00 PM,87,Ukraine,world,now 4-H,web,0
188,9:40:00 PM,72,Ukraine,world,now 4-H,web,0
189,9:41:00 PM,76,Ukraine,world,now 4-H,web,0
190,9:42:00 PM,76,Ukraine,world,now 4-H,web,0
191,9:43:00 PM,80,Ukraine,world,now 4-H,web,0
192,9:44:00 PM,79,Ukraine,world,now 4-H,web,0
193,9:45:00 PM,73,Ukraine,world,now 4-H,web,0
194,9:46:00 PM,70,Ukraine,world,now 4-H,web,0
195,9:47:00 PM,73,Ukraine,world,now 4-H,web,0
196,9:48:00 PM,82,Ukraine,world,now 4-H,web,0
197,9:49:00 PM,77,Ukraine,world,now 4-H,web,0
198,9:50:00 PM,80,Ukraine,world,now 4-H,web,0
199,9:51:00 PM,71,Ukraine,world,now 4-H,web,0
200,9:52:00 PM,76,Ukraine,world,now 4-H,web,0
201,9:53:00 PM,82,Ukraine,world,now 4-H,web,0
202,9:54:00 PM,80,Ukraine,world,now 4-H,web,0
203,9:55:00 PM,76,Ukraine,world,now 4-H,web,0
204,9:56:00 PM,75,Ukraine,world,now 4-H,web,0
205,9:57:00 PM,81,Ukraine,world,now 4-H,web,0
206,9:58:00 PM,72,Ukraine,world,now 4-H,web,0
207,9:59:00 PM,69,Ukraine,world,now 4-H,web,0
208,10:00:00 PM,73,Ukraine,world,now 4-H,web,0
209,10:01:00 PM,71,Ukraine,world,now 4-H,web,0
210,10:02:00 PM,75,Ukraine,world,now 4-H,web,0
211,10:03:00 PM,71,Ukraine,world,now 4-H,web,0
212,10:04:00 PM,70,Ukraine,world,now 4-H,web,0
213,10:05:00 PM,75,Ukraine,world,now 4-H,web,0
214,10:06:00 PM,80,Ukraine,world,now 4-H,web,0
215,10:07:00 PM,65,Ukraine,world,now 4-H,web,0
216,10:08:00 PM,79,Ukraine,world,now 4-H,web,0
217,10:09:00 PM,74,Ukraine,world,now 4-H,web,0
218,10:10:00 PM,73,Ukraine,world,now 4-H,web,0
219,10:11:00 PM,68,Ukraine,world,now 4-H,web,0
220,10:12:00 PM,72,Ukraine,world,now 4-H,web,0
221,10:13:00 PM,69,Ukraine,world,now 4-H,web,0
222,10:14:00 PM,72,Ukraine,world,now 4-H,web,0
223,10:15:00 PM,64,Ukraine,world,now 4-H,web,0
224,10:16:00 PM,64,Ukraine,world,now 4-H,web,0
225,10:17:00 PM,71,Ukraine,world,now 4-H,web,0
226,10:18:00 PM,74,Ukraine,world,now 4-H,web,0
227,10:19:00 PM,70,Ukraine,world,now 4-H,web,0
228,10:20:00 PM,75,Ukraine,world,now 4-H,web,0
229,10:21:00 PM,66,Ukraine,world,now 4-H,web,0
230,10:22:00 PM,67,Ukraine,world,now 4-H,web,0
231,10:23:00 PM,71,Ukraine,world,now 4-H,web,0
232,10:24:00 PM,64,Ukraine,world,now 4-H,web,0
233,10:25:00 PM,67,Ukraine,world,now 4-H,web,0
234,10:26:00 PM,66,Ukraine,world,now 4-H,web,0
235,10:27:00 PM,72,Ukraine,world,now 4-H,web,0
236,10:28:00 PM,69,Ukraine,world,now 4-H,web,0
237,10:29:00 PM,79,Ukraine,world,now 4-H,web,0