"","date","hits","keyword","geo","time","gprop","category"
"1",2023-02-04,0,"Japan and South Korea","world","2023-02-04 2023-03-23","web",0
"2",2023-02-05,22,"Japan and South Korea","world","2023-02-04 2023-03-23","web",0
"3",2023-02-06,62,"Japan and South Korea","world","2023-02-04 2023-03-23","web",0
"4",2023-02-07,45,"Japan and South Korea","world","2023-02-04 2023-03-23","web",0
"5",2023-02-08,39,"Japan and South Korea","world","2023-02-04 2023-03-23","web",0
"6",2023-02-09,59,"Japan and South Korea","world","2023-02-04 2023-03-23","web",0
"7",2023-02-10,39,"Japan and South Korea","world","2023-02-04 2023-03-23","web",0
"8",2023-02-11,15,"Japan and South Korea","world","2023-02-04 2023-03-23","web",0
"9",2023-02-12,43,"Japan and South Korea","world","2023-02-04 2023-03-23","web",0
"10",2023-02-13,68,"Japan and South Korea","world","2023-02-04 2023-03-23","web",0
"11",2023-02-14,46,"Japan and South Korea","world","2023-02-04 2023-03-23","web",0
"12",2023-02-15,73,"Japan and South Korea","world","2023-02-04 2023-03-23","web",0
"13",2023-02-16,79,"Japan and South Korea","world","2023-02-04 2023-03-23","web",0
"14",2023-02-17,25,"Japan and South Korea","world","2023-02-04 2023-03-23","web",0
"15",2023-02-18,77,"Japan and South Korea","world","2023-02-04 2023-03-23","web",0
"16",2023-02-19,53,"Japan and South Korea","world","2023-02-04 2023-03-23","web",0
"17",2023-02-20,52,"Japan and South Korea","world","2023-02-04 2023-03-23","web",0
"18",2023-02-21,43,"Japan and South Korea","world","2023-02-04 2023-03-23","web",0
"19",2023-02-22,60,"Japan and South Korea","world","2023-02-04 2023-03-23","web",0
"20",2023-02-23,41,"Japan and South Korea","world","2023-02-04 2023-03-23","web",0
"21",2023-02-24,40,"Japan and South Korea","world","2023-02-04 2023-03-23","web",0
"22",2023-02-25,54,"Japan and South Korea","world","2023-02-04 2023-03-23","web",0
"23",2023-02-26,38,"Japan and South Korea","world","2023-02-04 2023-03-23","web",0
"24",2023-02-27,39,"Japan and South Korea","world","2023-02-04 2023-03-23","web",0
"25",2023-02-28,37,"Japan and South Korea","world","2023-02-04 2023-03-23","web",0
"26",2023-03-01,31,"Japan and South Korea","world","2023-02-04 2023-03-23","web",0
"27",2023-03-02,88,"Japan and South Korea","world","2023-02-04 2023-03-23","web",0
"28",2023-03-03,40,"Japan and South Korea","world","2023-02-04 2023-03-23","web",0
"29",2023-03-04,0,"Japan and South Korea","world","2023-02-04 2023-03-23","web",0
"30",2023-03-05,29,"Japan and South Korea","world","2023-02-04 2023-03-23","web",0
"31",2023-03-06,100,"Japan and South Korea","world","2023-02-04 2023-03-23","web",0
"32",2023-03-07,40,"Japan and South Korea","world","2023-02-04 2023-03-23","web",0
"33",2023-03-08,55,"Japan and South Korea","world","2023-02-04 2023-03-23","web",0
"34",2023-03-09,49,"Japan and South Korea","world","2023-02-04 2023-03-23","web",0
"35",2023-03-10,44,"Japan and South Korea","world","2023-02-04 2023-03-23","web",0
"36",2023-03-11,37,"Japan and South Korea","world","2023-02-04 2023-03-23","web",0
"37",2023-03-12,34,"Japan and South Korea","world","2023-02-04 2023-03-23","web",0
"38",2023-03-13,59,"Japan and South Korea","world","2023-02-04 2023-03-23","web",0
"39",2023-03-14,57,"Japan and South Korea","world","2023-02-04 2023-03-23","web",0
"40",2023-03-15,37,"Japan and South Korea","world","2023-02-04 2023-03-23","web",0
"41",2023-03-16,80,"Japan and South Korea","world","2023-02-04 2023-03-23","web",0
"42",2023-03-17,53,"Japan and South Korea","world","2023-02-04 2023-03-23","web",0
"43",2023-03-18,42,"Japan and South Korea","world","2023-02-04 2023-03-23","web",0
"44",2023-03-19,50,"Japan and South Korea","world","2023-02-04 2023-03-23","web",0
"45",2023-03-20,62,"Japan and South Korea","world","2023-02-04 2023-03-23","web",0
"46",2023-03-21,32,"Japan and South Korea","world","2023-02-04 2023-03-23","web",0
"47",2023-03-22,52,"Japan and South Korea","world","2023-02-04 2023-03-23","web",0
"48",2023-03-23,51,"Japan and South Korea","world","2023-02-04 2023-03-23","web",0
