"","date","hits","keyword","geo","time","gprop","category"
"1",2023-02-04,0,"Karachi Police Station","world","2023-02-04 2023-03-23","web",0
"2",2023-02-05,0,"Karachi Police Station","world","2023-02-04 2023-03-23","web",0
"3",2023-02-06,0,"Karachi Police Station","world","2023-02-04 2023-03-23","web",0
"4",2023-02-07,0,"Karachi Police Station","world","2023-02-04 2023-03-23","web",0
"5",2023-02-08,24,"Karachi Police Station","world","2023-02-04 2023-03-23","web",0
"6",2023-02-09,0,"Karachi Police Station","world","2023-02-04 2023-03-23","web",0
"7",2023-02-10,0,"Karachi Police Station","world","2023-02-04 2023-03-23","web",0
"8",2023-02-11,0,"Karachi Police Station","world","2023-02-04 2023-03-23","web",0
"9",2023-02-12,22,"Karachi Police Station","world","2023-02-04 2023-03-23","web",0
"10",2023-02-13,28,"Karachi Police Station","world","2023-02-04 2023-03-23","web",0
"11",2023-02-14,0,"Karachi Police Station","world","2023-02-04 2023-03-23","web",0
"12",2023-02-15,0,"Karachi Police Station","world","2023-02-04 2023-03-23","web",0
"13",2023-02-16,0,"Karachi Police Station","world","2023-02-04 2023-03-23","web",0
"14",2023-02-17,100,"Karachi Police Station","world","2023-02-04 2023-03-23","web",0
"15",2023-02-18,71,"Karachi Police Station","world","2023-02-04 2023-03-23","web",0
"16",2023-02-19,30,"Karachi Police Station","world","2023-02-04 2023-03-23","web",0
"17",2023-02-20,0,"Karachi Police Station","world","2023-02-04 2023-03-23","web",0
"18",2023-02-21,0,"Karachi Police Station","world","2023-02-04 2023-03-23","web",0
"19",2023-02-22,13,"Karachi Police Station","world","2023-02-04 2023-03-23","web",0
"20",2023-02-23,20,"Karachi Police Station","world","2023-02-04 2023-03-23","web",0
"21",2023-02-24,12,"Karachi Police Station","world","2023-02-04 2023-03-23","web",0
"22",2023-02-25,0,"Karachi Police Station","world","2023-02-04 2023-03-23","web",0
"23",2023-02-26,29,"Karachi Police Station","world","2023-02-04 2023-03-23","web",0
"24",2023-02-27,0,"Karachi Police Station","world","2023-02-04 2023-03-23","web",0
"25",2023-02-28,15,"Karachi Police Station","world","2023-02-04 2023-03-23","web",0
"26",2023-03-01,0,"Karachi Police Station","world","2023-02-04 2023-03-23","web",0
"27",2023-03-02,0,"Karachi Police Station","world","2023-02-04 2023-03-23","web",0
"28",2023-03-03,0,"Karachi Police Station","world","2023-02-04 2023-03-23","web",0
"29",2023-03-04,0,"Karachi Police Station","world","2023-02-04 2023-03-23","web",0
"30",2023-03-05,0,"Karachi Police Station","world","2023-02-04 2023-03-23","web",0
"31",2023-03-06,14,"Karachi Police Station","world","2023-02-04 2023-03-23","web",0
"32",2023-03-07,0,"Karachi Police Station","world","2023-02-04 2023-03-23","web",0
"33",2023-03-08,0,"Karachi Police Station","world","2023-02-04 2023-03-23","web",0
"34",2023-03-09,21,"Karachi Police Station","world","2023-02-04 2023-03-23","web",0
"35",2023-03-10,22,"Karachi Police Station","world","2023-02-04 2023-03-23","web",0
"36",2023-03-11,15,"Karachi Police Station","world","2023-02-04 2023-03-23","web",0
"37",2023-03-12,0,"Karachi Police Station","world","2023-02-04 2023-03-23","web",0
"38",2023-03-13,0,"Karachi Police Station","world","2023-02-04 2023-03-23","web",0
"39",2023-03-14,0,"Karachi Police Station","world","2023-02-04 2023-03-23","web",0
"40",2023-03-15,0,"Karachi Police Station","world","2023-02-04 2023-03-23","web",0
"41",2023-03-16,13,"Karachi Police Station","world","2023-02-04 2023-03-23","web",0
"42",2023-03-17,31,"Karachi Police Station","world","2023-02-04 2023-03-23","web",0
"43",2023-03-18,0,"Karachi Police Station","world","2023-02-04 2023-03-23","web",0
"44",2023-03-19,0,"Karachi Police Station","world","2023-02-04 2023-03-23","web",0
"45",2023-03-20,0,"Karachi Police Station","world","2023-02-04 2023-03-23","web",0
"46",2023-03-21,0,"Karachi Police Station","world","2023-02-04 2023-03-23","web",0
"47",2023-03-22,26,"Karachi Police Station","world","2023-02-04 2023-03-23","web",0
"48",2023-03-23,0,"Karachi Police Station","world","2023-02-04 2023-03-23","web",0
