,date,hits,keyword,geo,time,gprop,category
1,2/4/23,60,Ukraine War,world,2023-02-04 2023-03-23,web,0
2,2/5/23,59,Ukraine War,world,2023-02-04 2023-03-23,web,0
3,2/6/23,65,Ukraine War,world,2023-02-04 2023-03-23,web,0
4,2/7/23,60,Ukraine War,world,2023-02-04 2023-03-23,web,0
5,2/8/23,65,Ukraine War,world,2023-02-04 2023-03-23,web,0
6,2/9/23,60,Ukraine War,world,2023-02-04 2023-03-23,web,0
7,2/10/23,68,Ukraine War,world,2023-02-04 2023-03-23,web,0
8,2/11/23,66,Ukraine War,world,2023-02-04 2023-03-23,web,0
9,2/12/23,70,Ukraine War,world,2023-02-04 2023-03-23,web,0
10,2/13/23,63,Ukraine War,world,2023-02-04 2023-03-23,web,0
11,2/14/23,66,Ukraine War,world,2023-02-04 2023-03-23,web,0
12,2/15/23,66,Ukraine War,world,2023-02-04 2023-03-23,web,0
13,2/16/23,69,Ukraine War,world,2023-02-04 2023-03-23,web,0
14,2/17/23,63,Ukraine War,world,2023-02-04 2023-03-23,web,0
15,2/18/23,67,Ukraine War,world,2023-02-04 2023-03-23,web,0
16,2/19/23,74,Ukraine War,world,2023-02-04 2023-03-23,web,0
17,2/20/23,81,Ukraine War,world,2023-02-04 2023-03-23,web,0
18,2/21/23,83,Ukraine War,world,2023-02-04 2023-03-23,web,0
19,2/22/23,74,Ukraine War,world,2023-02-04 2023-03-23,web,0
20,2/23/23,83,Ukraine War,world,2023-02-04 2023-03-23,web,0
21,2/24/23,100,Ukraine War,world,2023-02-04 2023-03-23,web,0
22,2/25/23,81,Ukraine War,world,2023-02-04 2023-03-23,web,0
23,2/26/23,83,Ukraine War,world,2023-02-04 2023-03-23,web,0
24,2/27/23,76,Ukraine War,world,2023-02-04 2023-03-23,web,0
25,2/28/23,74,Ukraine War,world,2023-02-04 2023-03-23,web,0
26,3/1/23,68,Ukraine War,world,2023-02-04 2023-03-23,web,0
27,3/2/23,66,Ukraine War,world,2023-02-04 2023-03-23,web,0
28,3/3/23,64,Ukraine War,world,2023-02-04 2023-03-23,web,0
29,3/4/23,63,Ukraine War,world,2023-02-04 2023-03-23,web,0
30,3/5/23,67,Ukraine War,world,2023-02-04 2023-03-23,web,0
31,3/6/23,64,Ukraine War,world,2023-02-04 2023-03-23,web,0
32,3/7/23,58,Ukraine War,world,2023-02-04 2023-03-23,web,0
33,3/8/23,59,Ukraine War,world,2023-02-04 2023-03-23,web,0
34,3/9/23,59,Ukraine War,world,2023-02-04 2023-03-23,web,0
35,3/10/23,63,Ukraine War,world,2023-02-04 2023-03-23,web,0
36,3/11/23,65,Ukraine War,world,2023-02-04 2023-03-23,web,0
37,3/12/23,58,Ukraine War,world,2023-02-04 2023-03-23,web,0
38,3/13/23,60,Ukraine War,world,2023-02-04 2023-03-23,web,0
39,3/14/23,66,Ukraine War,world,2023-02-04 2023-03-23,web,0
40,3/15/23,59,Ukraine War,world,2023-02-04 2023-03-23,web,0
41,3/16/23,60,Ukraine War,world,2023-02-04 2023-03-23,web,0
42,3/17/23,61,Ukraine War,world,2023-02-04 2023-03-23,web,0
43,3/18/23,55,Ukraine War,world,2023-02-04 2023-03-23,web,0
44,3/19/23,55,Ukraine War,world,2023-02-04 2023-03-23,web,0
45,3/20/23,60,Ukraine War,world,2023-02-04 2023-03-23,web,0
46,3/21/23,58,Ukraine War,world,2023-02-04 2023-03-23,web,0
47,3/22/23,60,Ukraine War,world,2023-02-04 2023-03-23,web,0
48,3/23/23,62,Ukraine War,world,2023-02-04 2023-03-23,web,0