,date,hits,keyword,geo,time,gprop,category
1,2:42:00 PM,0,Russian Nuclear,world,now 4-H,web,0
2,2:43:00 PM,17,Russian Nuclear,world,now 4-H,web,0
3,2:44:00 PM,20,Russian Nuclear,world,now 4-H,web,0
4,2:45:00 PM,31,Russian Nuclear,world,now 4-H,web,0
5,2:46:00 PM,0,Russian Nuclear,world,now 4-H,web,0
6,2:47:00 PM,21,Russian Nuclear,world,now 4-H,web,0
7,2:48:00 PM,0,Russian Nuclear,world,now 4-H,web,0
8,2:49:00 PM,0,Russian Nuclear,world,now 4-H,web,0
9,2:50:00 PM,0,Russian Nuclear,world,now 4-H,web,0
10,2:51:00 PM,0,Russian Nuclear,world,now 4-H,web,0
11,2:52:00 PM,0,Russian Nuclear,world,now 4-H,web,0
12,2:53:00 PM,0,Russian Nuclear,world,now 4-H,web,0
13,2:54:00 PM,15,Russian Nuclear,world,now 4-H,web,0
14,2:55:00 PM,14,Russian Nuclear,world,now 4-H,web,0
15,2:56:00 PM,51,Russian Nuclear,world,now 4-H,web,0
16,2:57:00 PM,0,Russian Nuclear,world,now 4-H,web,0
17,2:58:00 PM,0,Russian Nuclear,world,now 4-H,web,0
18,2:59:00 PM,77,Russian Nuclear,world,now 4-H,web,0
19,3:00:00 PM,0,Russian Nuclear,world,now 4-H,web,0
20,3:01:00 PM,0,Russian Nuclear,world,now 4-H,web,0
21,3:02:00 PM,0,Russian Nuclear,world,now 4-H,web,0
22,3:03:00 PM,0,Russian Nuclear,world,now 4-H,web,0
23,3:04:00 PM,0,Russian Nuclear,world,now 4-H,web,0
24,3:05:00 PM,0,Russian Nuclear,world,now 4-H,web,0
25,3:06:00 PM,0,Russian Nuclear,world,now 4-H,web,0
26,3:07:00 PM,0,Russian Nuclear,world,now 4-H,web,0
27,3:08:00 PM,0,Russian Nuclear,world,now 4-H,web,0
28,3:09:00 PM,0,Russian Nuclear,world,now 4-H,web,0
29,3:10:00 PM,20,Russian Nuclear,world,now 4-H,web,0
30,3:11:00 PM,20,Russian Nuclear,world,now 4-H,web,0
31,3:12:00 PM,0,Russian Nuclear,world,now 4-H,web,0
32,3:13:00 PM,50,Russian Nuclear,world,now 4-H,web,0
33,3:14:00 PM,0,Russian Nuclear,world,now 4-H,web,0
34,3:15:00 PM,0,Russian Nuclear,world,now 4-H,web,0
35,3:16:00 PM,16,Russian Nuclear,world,now 4-H,web,0
36,3:17:00 PM,0,Russian Nuclear,world,now 4-H,web,0
37,3:18:00 PM,0,Russian Nuclear,world,now 4-H,web,0
38,3:19:00 PM,0,Russian Nuclear,world,now 4-H,web,0
39,3:20:00 PM,0,Russian Nuclear,world,now 4-H,web,0
40,3:21:00 PM,0,Russian Nuclear,world,now 4-H,web,0
41,3:22:00 PM,0,Russian Nuclear,world,now 4-H,web,0
42,3:23:00 PM,0,Russian Nuclear,world,now 4-H,web,0
43,3:24:00 PM,0,Russian Nuclear,world,now 4-H,web,0
44,3:25:00 PM,0,Russian Nuclear,world,now 4-H,web,0
45,3:26:00 PM,0,Russian Nuclear,world,now 4-H,web,0
46,3:27:00 PM,31,Russian Nuclear,world,now 4-H,web,0
47,3:28:00 PM,0,Russian Nuclear,world,now 4-H,web,0
48,3:29:00 PM,19,Russian Nuclear,world,now 4-H,web,0
49,3:30:00 PM,0,Russian Nuclear,world,now 4-H,web,0
50,3:31:00 PM,0,Russian Nuclear,world,now 4-H,web,0
51,3:32:00 PM,0,Russian Nuclear,world,now 4-H,web,0
52,3:33:00 PM,0,Russian Nuclear,world,now 4-H,web,0
53,3:34:00 PM,27,Russian Nuclear,world,now 4-H,web,0
54,3:35:00 PM,0,Russian Nuclear,world,now 4-H,web,0
55,3:36:00 PM,0,Russian Nuclear,world,now 4-H,web,0
56,3:37:00 PM,0,Russian Nuclear,world,now 4-H,web,0
57,3:38:00 PM,28,Russian Nuclear,world,now 4-H,web,0
58,3:39:00 PM,34,Russian Nuclear,world,now 4-H,web,0
59,3:40:00 PM,0,Russian Nuclear,world,now 4-H,web,0
60,3:41:00 PM,0,Russian Nuclear,world,now 4-H,web,0
61,3:42:00 PM,0,Russian Nuclear,world,now 4-H,web,0
62,3:43:00 PM,0,Russian Nuclear,world,now 4-H,web,0
63,3:44:00 PM,0,Russian Nuclear,world,now 4-H,web,0
64,3:45:00 PM,30,Russian Nuclear,world,now 4-H,web,0
65,3:46:00 PM,0,Russian Nuclear,world,now 4-H,web,0
66,3:47:00 PM,0,Russian Nuclear,world,now 4-H,web,0
67,3:48:00 PM,0,Russian Nuclear,world,now 4-H,web,0
68,3:49:00 PM,38,Russian Nuclear,world,now 4-H,web,0
69,3:50:00 PM,100,Russian Nuclear,world,now 4-H,web,0
70,3:51:00 PM,0,Russian Nuclear,world,now 4-H,web,0
71,3:52:00 PM,0,Russian Nuclear,world,now 4-H,web,0
72,3:53:00 PM,0,Russian Nuclear,world,now 4-H,web,0
73,3:54:00 PM,18,Russian Nuclear,world,now 4-H,web,0
74,3:55:00 PM,16,Russian Nuclear,world,now 4-H,web,0
75,3:56:00 PM,0,Russian Nuclear,world,now 4-H,web,0
76,3:57:00 PM,49,Russian Nuclear,world,now 4-H,web,0
77,3:58:00 PM,0,Russian Nuclear,world,now 4-H,web,0
78,3:59:00 PM,0,Russian Nuclear,world,now 4-H,web,0
79,4:00:00 PM,0,Russian Nuclear,world,now 4-H,web,0
80,4:01:00 PM,0,Russian Nuclear,world,now 4-H,web,0
81,4:02:00 PM,22,Russian Nuclear,world,now 4-H,web,0
82,4:03:00 PM,23,Russian Nuclear,world,now 4-H,web,0
83,4:04:00 PM,73,Russian Nuclear,world,now 4-H,web,0
84,4:05:00 PM,0,Russian Nuclear,world,now 4-H,web,0
85,4:06:00 PM,38,Russian Nuclear,world,now 4-H,web,0
86,4:07:00 PM,0,Russian Nuclear,world,now 4-H,web,0
87,4:08:00 PM,34,Russian Nuclear,world,now 4-H,web,0
88,4:09:00 PM,0,Russian Nuclear,world,now 4-H,web,0
89,4:10:00 PM,0,Russian Nuclear,world,now 4-H,web,0
90,4:11:00 PM,0,Russian Nuclear,world,now 4-H,web,0
91,4:12:00 PM,0,Russian Nuclear,world,now 4-H,web,0
92,4:13:00 PM,22,Russian Nuclear,world,now 4-H,web,0
93,4:14:00 PM,0,Russian Nuclear,world,now 4-H,web,0
94,4:15:00 PM,0,Russian Nuclear,world,now 4-H,web,0
95,4:16:00 PM,0,Russian Nuclear,world,now 4-H,web,0
96,4:17:00 PM,0,Russian Nuclear,world,now 4-H,web,0
97,4:18:00 PM,0,Russian Nuclear,world,now 4-H,web,0
98,4:19:00 PM,0,Russian Nuclear,world,now 4-H,web,0
99,4:20:00 PM,0,Russian Nuclear,world,now 4-H,web,0
100,4:21:00 PM,0,Russian Nuclear,world,now 4-H,web,0
101,4:22:00 PM,0,Russian Nuclear,world,now 4-H,web,0
102,4:23:00 PM,14,Russian Nuclear,world,now 4-H,web,0
103,4:24:00 PM,0,Russian Nuclear,world,now 4-H,web,0
104,4:25:00 PM,0,Russian Nuclear,world,now 4-H,web,0
105,4:26:00 PM,28,Russian Nuclear,world,now 4-H,web,0
106,4:27:00 PM,0,Russian Nuclear,world,now 4-H,web,0
107,4:28:00 PM,0,Russian Nuclear,world,now 4-H,web,0
108,4:29:00 PM,0,Russian Nuclear,world,now 4-H,web,0
109,4:30:00 PM,0,Russian Nuclear,world,now 4-H,web,0
110,4:31:00 PM,35,Russian Nuclear,world,now 4-H,web,0
111,4:32:00 PM,0,Russian Nuclear,world,now 4-H,web,0
112,4:33:00 PM,0,Russian Nuclear,world,now 4-H,web,0
113,4:34:00 PM,19,Russian Nuclear,world,now 4-H,web,0
114,4:35:00 PM,0,Russian Nuclear,world,now 4-H,web,0
115,4:36:00 PM,0,Russian Nuclear,world,now 4-H,web,0
116,4:37:00 PM,0,Russian Nuclear,world,now 4-H,web,0
117,4:38:00 PM,0,Russian Nuclear,world,now 4-H,web,0
118,4:39:00 PM,0,Russian Nuclear,world,now 4-H,web,0
119,4:40:00 PM,0,Russian Nuclear,world,now 4-H,web,0
120,4:41:00 PM,0,Russian Nuclear,world,now 4-H,web,0
121,4:42:00 PM,25,Russian Nuclear,world,now 4-H,web,0
122,4:43:00 PM,17,Russian Nuclear,world,now 4-H,web,0
123,4:44:00 PM,0,Russian Nuclear,world,now 4-H,web,0
124,4:45:00 PM,0,Russian Nuclear,world,now 4-H,web,0
125,4:46:00 PM,14,Russian Nuclear,world,now 4-H,web,0
126,4:47:00 PM,0,Russian Nuclear,world,now 4-H,web,0
127,4:48:00 PM,0,Russian Nuclear,world,now 4-H,web,0
128,4:49:00 PM,0,Russian Nuclear,world,now 4-H,web,0
129,4:50:00 PM,0,Russian Nuclear,world,now 4-H,web,0
130,4:51:00 PM,0,Russian Nuclear,world,now 4-H,web,0
131,4:52:00 PM,0,Russian Nuclear,world,now 4-H,web,0
132,4:53:00 PM,0,Russian Nuclear,world,now 4-H,web,0
133,4:54:00 PM,0,Russian Nuclear,world,now 4-H,web,0
134,4:55:00 PM,0,Russian Nuclear,world,now 4-H,web,0
135,4:56:00 PM,0,Russian Nuclear,world,now 4-H,web,0
136,4:57:00 PM,0,Russian Nuclear,world,now 4-H,web,0
137,4:58:00 PM,0,Russian Nuclear,world,now 4-H,web,0
138,4:59:00 PM,29,Russian Nuclear,world,now 4-H,web,0
139,5:00:00 PM,0,Russian Nuclear,world,now 4-H,web,0
140,5:01:00 PM,0,Russian Nuclear,world,now 4-H,web,0
141,5:02:00 PM,34,Russian Nuclear,world,now 4-H,web,0
142,5:03:00 PM,0,Russian Nuclear,world,now 4-H,web,0
143,5:04:00 PM,18,Russian Nuclear,world,now 4-H,web,0
144,5:05:00 PM,18,Russian Nuclear,world,now 4-H,web,0
145,5:06:00 PM,0,Russian Nuclear,world,now 4-H,web,0
146,5:07:00 PM,0,Russian Nuclear,world,now 4-H,web,0
147,5:08:00 PM,0,Russian Nuclear,world,now 4-H,web,0
148,5:09:00 PM,0,Russian Nuclear,world,now 4-H,web,0
149,5:10:00 PM,0,Russian Nuclear,world,now 4-H,web,0
150,5:11:00 PM,0,Russian Nuclear,world,now 4-H,web,0
151,5:12:00 PM,0,Russian Nuclear,world,now 4-H,web,0
152,5:13:00 PM,0,Russian Nuclear,world,now 4-H,web,0
153,5:14:00 PM,0,Russian Nuclear,world,now 4-H,web,0
154,5:15:00 PM,0,Russian Nuclear,world,now 4-H,web,0
155,5:16:00 PM,0,Russian Nuclear,world,now 4-H,web,0
156,5:17:00 PM,33,Russian Nuclear,world,now 4-H,web,0
157,5:18:00 PM,28,Russian Nuclear,world,now 4-H,web,0
158,5:19:00 PM,0,Russian Nuclear,world,now 4-H,web,0
159,5:20:00 PM,14,Russian Nuclear,world,now 4-H,web,0
160,5:21:00 PM,0,Russian Nuclear,world,now 4-H,web,0
161,5:22:00 PM,0,Russian Nuclear,world,now 4-H,web,0
162,5:23:00 PM,18,Russian Nuclear,world,now 4-H,web,0
163,5:24:00 PM,0,Russian Nuclear,world,now 4-H,web,0
164,5:25:00 PM,18,Russian Nuclear,world,now 4-H,web,0
165,5:26:00 PM,0,Russian Nuclear,world,now 4-H,web,0
166,5:27:00 PM,0,Russian Nuclear,world,now 4-H,web,0
167,5:28:00 PM,29,Russian Nuclear,world,now 4-H,web,0
168,5:29:00 PM,0,Russian Nuclear,world,now 4-H,web,0
169,5:30:00 PM,0,Russian Nuclear,world,now 4-H,web,0
170,5:31:00 PM,0,Russian Nuclear,world,now 4-H,web,0
171,5:32:00 PM,0,Russian Nuclear,world,now 4-H,web,0
172,5:33:00 PM,0,Russian Nuclear,world,now 4-H,web,0
173,5:34:00 PM,0,Russian Nuclear,world,now 4-H,web,0
174,5:35:00 PM,0,Russian Nuclear,world,now 4-H,web,0
175,5:36:00 PM,0,Russian Nuclear,world,now 4-H,web,0
176,5:37:00 PM,0,Russian Nuclear,world,now 4-H,web,0
177,5:38:00 PM,0,Russian Nuclear,world,now 4-H,web,0
178,5:39:00 PM,0,Russian Nuclear,world,now 4-H,web,0
179,5:40:00 PM,45,Russian Nuclear,world,now 4-H,web,0
180,5:41:00 PM,0,Russian Nuclear,world,now 4-H,web,0
181,5:42:00 PM,0,Russian Nuclear,world,now 4-H,web,0
182,5:43:00 PM,0,Russian Nuclear,world,now 4-H,web,0
183,5:44:00 PM,0,Russian Nuclear,world,now 4-H,web,0
184,5:45:00 PM,0,Russian Nuclear,world,now 4-H,web,0
185,5:46:00 PM,0,Russian Nuclear,world,now 4-H,web,0
186,5:47:00 PM,0,Russian Nuclear,world,now 4-H,web,0
187,5:48:00 PM,0,Russian Nuclear,world,now 4-H,web,0
188,5:49:00 PM,0,Russian Nuclear,world,now 4-H,web,0
189,5:50:00 PM,0,Russian Nuclear,world,now 4-H,web,0
190,5:51:00 PM,0,Russian Nuclear,world,now 4-H,web,0
191,5:52:00 PM,16,Russian Nuclear,world,now 4-H,web,0
192,5:53:00 PM,30,Russian Nuclear,world,now 4-H,web,0
193,5:54:00 PM,0,Russian Nuclear,world,now 4-H,web,0
194,5:55:00 PM,0,Russian Nuclear,world,now 4-H,web,0
195,5:56:00 PM,0,Russian Nuclear,world,now 4-H,web,0
196,5:57:00 PM,22,Russian Nuclear,world,now 4-H,web,0
197,5:58:00 PM,0,Russian Nuclear,world,now 4-H,web,0
198,5:59:00 PM,0,Russian Nuclear,world,now 4-H,web,0
199,6:00:00 PM,0,Russian Nuclear,world,now 4-H,web,0
200,6:01:00 PM,0,Russian Nuclear,world,now 4-H,web,0
201,6:02:00 PM,0,Russian Nuclear,world,now 4-H,web,0
202,6:03:00 PM,0,Russian Nuclear,world,now 4-H,web,0
203,6:04:00 PM,0,Russian Nuclear,world,now 4-H,web,0
204,6:05:00 PM,0,Russian Nuclear,world,now 4-H,web,0
205,6:06:00 PM,0,Russian Nuclear,world,now 4-H,web,0
206,6:07:00 PM,0,Russian Nuclear,world,now 4-H,web,0
207,6:08:00 PM,71,Russian Nuclear,world,now 4-H,web,0
208,6:09:00 PM,47,Russian Nuclear,world,now 4-H,web,0
209,6:10:00 PM,0,Russian Nuclear,world,now 4-H,web,0
210,6:11:00 PM,0,Russian Nuclear,world,now 4-H,web,0
211,6:12:00 PM,16,Russian Nuclear,world,now 4-H,web,0
212,6:13:00 PM,66,Russian Nuclear,world,now 4-H,web,0
213,6:14:00 PM,0,Russian Nuclear,world,now 4-H,web,0
214,6:15:00 PM,0,Russian Nuclear,world,now 4-H,web,0
215,6:16:00 PM,0,Russian Nuclear,world,now 4-H,web,0
216,6:17:00 PM,0,Russian Nuclear,world,now 4-H,web,0
217,6:18:00 PM,0,Russian Nuclear,world,now 4-H,web,0
218,6:19:00 PM,0,Russian Nuclear,world,now 4-H,web,0
219,6:20:00 PM,0,Russian Nuclear,world,now 4-H,web,0
220,6:21:00 PM,20,Russian Nuclear,world,now 4-H,web,0
221,6:22:00 PM,0,Russian Nuclear,world,now 4-H,web,0
222,6:23:00 PM,0,Russian Nuclear,world,now 4-H,web,0
223,6:24:00 PM,0,Russian Nuclear,world,now 4-H,web,0
224,6:25:00 PM,0,Russian Nuclear,world,now 4-H,web,0
225,6:26:00 PM,29,Russian Nuclear,world,now 4-H,web,0
226,6:27:00 PM,0,Russian Nuclear,world,now 4-H,web,0
227,6:28:00 PM,0,Russian Nuclear,world,now 4-H,web,0
228,6:29:00 PM,0,Russian Nuclear,world,now 4-H,web,0
229,6:30:00 PM,23,Russian Nuclear,world,now 4-H,web,0
230,6:31:00 PM,18,Russian Nuclear,world,now 4-H,web,0
231,6:32:00 PM,0,Russian Nuclear,world,now 4-H,web,0
232,6:33:00 PM,0,Russian Nuclear,world,now 4-H,web,0
233,6:34:00 PM,0,Russian Nuclear,world,now 4-H,web,0
234,6:35:00 PM,0,Russian Nuclear,world,now 4-H,web,0
235,6:36:00 PM,0,Russian Nuclear,world,now 4-H,web,0
236,6:37:00 PM,14,Russian Nuclear,world,now 4-H,web,0