"","date","hits","keyword","geo","time","gprop","category"
"1",2023-02-04,65,"Russia - Brazil Relations","world","2023-02-04 2023-03-23","web",0
"2",2023-02-05,53,"Russia - Brazil Relations","world","2023-02-04 2023-03-23","web",0
"3",2023-02-06,81,"Russia - Brazil Relations","world","2023-02-04 2023-03-23","web",0
"4",2023-02-07,79,"Russia - Brazil Relations","world","2023-02-04 2023-03-23","web",0
"5",2023-02-08,39,"Russia - Brazil Relations","world","2023-02-04 2023-03-23","web",0
"6",2023-02-09,51,"Russia - Brazil Relations","world","2023-02-04 2023-03-23","web",0
"7",2023-02-10,55,"Russia - Brazil Relations","world","2023-02-04 2023-03-23","web",0
"8",2023-02-11,29,"Russia - Brazil Relations","world","2023-02-04 2023-03-23","web",0
"9",2023-02-12,56,"Russia - Brazil Relations","world","2023-02-04 2023-03-23","web",0
"10",2023-02-13,46,"Russia - Brazil Relations","world","2023-02-04 2023-03-23","web",0
"11",2023-02-14,54,"Russia - Brazil Relations","world","2023-02-04 2023-03-23","web",0
"12",2023-02-15,38,"Russia - Brazil Relations","world","2023-02-04 2023-03-23","web",0
"13",2023-02-16,53,"Russia - Brazil Relations","world","2023-02-04 2023-03-23","web",0
"14",2023-02-17,92,"Russia - Brazil Relations","world","2023-02-04 2023-03-23","web",0
"15",2023-02-18,61,"Russia - Brazil Relations","world","2023-02-04 2023-03-23","web",0
"16",2023-02-19,73,"Russia - Brazil Relations","world","2023-02-04 2023-03-23","web",0
"17",2023-02-20,48,"Russia - Brazil Relations","world","2023-02-04 2023-03-23","web",0
"18",2023-02-21,44,"Russia - Brazil Relations","world","2023-02-04 2023-03-23","web",0
"19",2023-02-22,100,"Russia - Brazil Relations","world","2023-02-04 2023-03-23","web",0
"20",2023-02-23,85,"Russia - Brazil Relations","world","2023-02-04 2023-03-23","web",0
"21",2023-02-24,53,"Russia - Brazil Relations","world","2023-02-04 2023-03-23","web",0
"22",2023-02-25,63,"Russia - Brazil Relations","world","2023-02-04 2023-03-23","web",0
"23",2023-02-26,35,"Russia - Brazil Relations","world","2023-02-04 2023-03-23","web",0
"24",2023-02-27,71,"Russia - Brazil Relations","world","2023-02-04 2023-03-23","web",0
"25",2023-02-28,77,"Russia - Brazil Relations","world","2023-02-04 2023-03-23","web",0
"26",2023-03-01,50,"Russia - Brazil Relations","world","2023-02-04 2023-03-23","web",0
"27",2023-03-02,37,"Russia - Brazil Relations","world","2023-02-04 2023-03-23","web",0
"28",2023-03-03,47,"Russia - Brazil Relations","world","2023-02-04 2023-03-23","web",0
"29",2023-03-04,17,"Russia - Brazil Relations","world","2023-02-04 2023-03-23","web",0
"30",2023-03-05,50,"Russia - Brazil Relations","world","2023-02-04 2023-03-23","web",0
"31",2023-03-06,40,"Russia - Brazil Relations","world","2023-02-04 2023-03-23","web",0
"32",2023-03-07,42,"Russia - Brazil Relations","world","2023-02-04 2023-03-23","web",0
"33",2023-03-08,88,"Russia - Brazil Relations","world","2023-02-04 2023-03-23","web",0
"34",2023-03-09,59,"Russia - Brazil Relations","world","2023-02-04 2023-03-23","web",0
"35",2023-03-10,69,"Russia - Brazil Relations","world","2023-02-04 2023-03-23","web",0
"36",2023-03-11,36,"Russia - Brazil Relations","world","2023-02-04 2023-03-23","web",0
"37",2023-03-12,45,"Russia - Brazil Relations","world","2023-02-04 2023-03-23","web",0
"38",2023-03-13,59,"Russia - Brazil Relations","world","2023-02-04 2023-03-23","web",0
"39",2023-03-14,63,"Russia - Brazil Relations","world","2023-02-04 2023-03-23","web",0
"40",2023-03-15,54,"Russia - Brazil Relations","world","2023-02-04 2023-03-23","web",0
"41",2023-03-16,46,"Russia - Brazil Relations","world","2023-02-04 2023-03-23","web",0
"42",2023-03-17,46,"Russia - Brazil Relations","world","2023-02-04 2023-03-23","web",0
"43",2023-03-18,64,"Russia - Brazil Relations","world","2023-02-04 2023-03-23","web",0
"44",2023-03-19,43,"Russia - Brazil Relations","world","2023-02-04 2023-03-23","web",0
"45",2023-03-20,59,"Russia - Brazil Relations","world","2023-02-04 2023-03-23","web",0
"46",2023-03-21,62,"Russia - Brazil Relations","world","2023-02-04 2023-03-23","web",0
"47",2023-03-22,86,"Russia - Brazil Relations","world","2023-02-04 2023-03-23","web",0
"48",2023-03-23,50,"Russia - Brazil Relations","world","2023-02-04 2023-03-23","web",0
