,22,23,Topic_label
0,0.0872574476438148,0.07518078347911006,"['""Military""', '""capital""', '""The President""', '""period""', '""worker""']"
1,0.11055744919821481,0.09509934964387314,"['""supporting""', '""Henri""', '""a monster""', '""have""', '""vote""']"
2,0.048741456504180054,0.10533832052479619,"['""Ponzi""', '""blue""', '""authority""', '""grant""', '""nft""']"
3,0.045860085531929946,0.14012121117633322,"['""Military Support""', '""Ukraine""', '""examine""', '""I will not""', '""Russian""']"
4,0.08721355188672787,0.0735181476758874,"['""Lee Jae-myung""', '""military""', '""most""', '""To Ukraine""', '""especially""']"
5,0.2111031006429797,0.16265318497367529,"['""dispatch""', '""Ukraine""', '""Do not review""', '""Military Support""', '""situation""']"
6,0.13260339576507282,0.15432090759277345,"['""Dispatch""', '""sanctions""', '""russia""', '""discussion""', '""Friendship Division""']"
7,0.0875836577370902,0.09793078381082286,"['""in""', '""support""', '""Look""', '""Comprehensive""', '""Do not have""']"
8,0.08397887577520352,0.04596220514048701,"['""suddenly""', '""Putin""', '""From the point of view""', '""Ukraine""', '""Ahn Cheol-soo""']"
9,0.10510097931478625,0.04987509768942128,"['""Role as a breakwater""', '""sanctions""', '""Songchi""', '""click""', '""day""']"
