,22,23,Topic_label
0,0.23483532775175042,0.31661635950991984,"['""military""', '""Bolsonaro""', '""to wake up""', '""gold""', '""barroso_magno""']"
1,0.12874990397269487,0.12211999391254626,"['""military""', '""Ukraine""', '""assistance""', '""donetsk""', '""lugansk""']"
2,0.10056257797819386,0.1328393634996916,"['""to take""', '""position""', '""day""', '""to want""', '""favor""']"
3,0.12700641764054776,0.08208214609246504,"['""military""', '""house_owner""', '""mother_family""', '""flferronato_happened""', '""hurt_police""']"
4,0.0715000523373951,0.05349746001394171,"['""Russia""', '""Russian""', '""sputnik_brasil""', '""open_dialog""', '""massacre_donbass""']"
5,0.10902389702333454,0.1484895806563528,"['""military""', '""conflict""', '""Ukraine""', '""power""', '""Russia""']"
6,0.030501411224314958,0.038991526553505344,"['""to play""', '""attack""', '""to do""', '""to stay""', '""military""']"
7,0.07713572393728442,0.028554549970124896,"['""Ukraine""', '""putin""', '""Russia""', '""president""', '""now""']"
8,0.08276927137296322,0.031173836557488694,"['""fake_league""', '""been_spoiled""', '""serve_interests""', '""benfica_vez""', '""fcporto_sl""']"
9,0.03791542933053986,0.04563519327264083,"['""Ukraine""', '""invasion""', '""myth_manufacturing""', '""USA""', '""conflict""']"
