Time,Text_Loc_En,Export_Aff_Pos,Export_Aff_Neg,Top_Exporter,Specific_Good,Tag,File_name,Counter
03/02/2023 13:03:51,,,,0,,,,0
03/02/2023 13:13:23,Saudi Arabia,['Oil'],No Change,0.0,Petroleum,Oil Supply Shock,tw_example_0.json,0
03/02/2023 13:13:23,Saudi Arabia,['Oil'],No Change,0.0,Petroleum,Oil Supply Shock,tw_example_0.json,0
03/02/2023 13:13:23,Saudi Arabia,['Oil'],No Change,0.0,Petroleum,Oil Supply Shock,tw_example_0.json,0
03/02/2023 13:13:23,Russia,['Oil'],No Change,1.0,Petroleum,Oil Supply Shock,tw_example_0.json,0
03/02/2023 13:14:35,Saudi Arabia,['Oil'],No Change,0.0,Petroleum,Oil Supply Shock,tw_example_0.json,1
03/02/2023 13:14:35,Saudi Arabia,['Oil'],No Change,0.0,Petroleum,Oil Supply Shock,tw_example_0.json,1
03/02/2023 13:14:35,Saudi Arabia,['Oil'],No Change,0.0,Petroleum,Oil Supply Shock,tw_example_0.json,1
03/02/2023 13:14:35,Russia,['Oil'],No Change,1.0,Petroleum,Oil Supply Shock,tw_example_0.json,1
03/02/2023 13:15:29,UK,No Change,['Vehicles'],1.0,Cars,Oil Supply Shock,tw_example_1.json,2
03/02/2023 13:15:29,Russia,['Oil'],No Change,1.0,Petroleum,Oil Supply Shock,tw_example_1.json,2
03/02/2023 13:15:29,Russia,['Oil'],No Change,1.0,Petroleum,Oil Supply Shock,tw_example_1.json,2
03/02/2023 13:15:29,Russia,['Oil'],No Change,1.0,Petroleum,Oil Supply Shock,tw_example_1.json,2
03/02/2023 13:16:33,Nigeria,['Oil'],No Change,1.0,Petroleum,Oil Supply Shock,tw_example_2.json,3
03/02/2023 13:16:33,Russia,['Oil'],No Change,1.0,Petroleum,Oil Supply Shock,tw_example_2.json,3
03/02/2023 13:16:33,Nigeria,['Oil'],No Change,1.0,Petroleum,Oil Supply Shock,tw_example_2.json,3
03/02/2023 13:16:33,Iran,No Change,['Oil'],0.0,Petroleum,Cyber Warfare,tw_example_2.json,3
03/02/2023 13:17:48,Nigeria,['Oil'],No Change,1.0,Petroleum,Oil Supply Shock,tw_example_2.json,4
03/02/2023 13:17:48,Russia,['Oil'],No Change,1.0,Petroleum,Oil Supply Shock,tw_example_2.json,4
03/02/2023 13:17:48,Nigeria,['Oil'],No Change,1.0,Petroleum,Oil Supply Shock,tw_example_2.json,4
03/02/2023 13:17:48,Iran,No Change,['Oil'],0.0,Petroleum,Cyber Warfare,tw_example_2.json,4
03/02/2023 13:18:54,Oman,['Oil'],No Change,1.0,Petroleum,Oil Supply Shock,tw_example_3.json,5
03/02/2023 13:18:54,U.S.,['Oil'],No Change,1.0,Petroleum,Oil Supply Shock,tw_example_3.json,5
03/02/2023 13:19:58,Russia,['Oil'],No Change,1.0,Petroleum,Oil Supply Shock,tw_example_4.json,6
03/02/2023 13:19:58,U.S.,['Oil'],No Change,1.0,Petroleum,Oil Supply Shock,tw_example_4.json,6
03/02/2023 13:21:01,Russia,['Oil'],No Change,1.0,Petroleum,Oil Supply Shock,tw_example_4.json,7
03/02/2023 13:21:01,U.S.,['Oil'],No Change,1.0,Petroleum,Oil Supply Shock,tw_example_4.json,7
03/02/2023 13:21:59,Russia,No Change,['Oil'],1.0,Petroleum,Cyber Warfare,tw_example_5.json,8
03/02/2023 13:22:53,Russia,No Change,['Oil'],1.0,Petroleum,Cyber Warfare,tw_example_5.json,9
03/02/2023 13:23:48,Russia,['Oil'],No Change,1.0,Petroleum,Oil Supply Shock,tw_example_6.json,10
03/02/2023 13:23:48,U.S.,No Change,['Oil'],1.0,Petroleum,US-China Relations,tw_example_6.json,10
03/02/2023 13:23:48,U.S.,No Change,['Oil'],1.0,Petroleum,US-China Relations,tw_example_6.json,10
03/02/2023 13:23:48,Saudi Arabia,['Oil'],No Change,0.0,Petroleum,Oil Supply Shock,tw_example_6.json,10
03/02/2023 13:23:48,Saudi Arabia,['Oil'],No Change,0.0,Petroleum,Oil Supply Shock,tw_example_6.json,10
03/02/2023 13:23:48,Iran,No Change,['Oil'],0.0,Petroleum,Cyber Warfare,tw_example_6.json,10
03/02/2023 13:24:52,Russia,['Oil'],No Change,1.0,Petroleum,Oil Supply Shock,tw_example_6.json,11
03/02/2023 13:24:52,U.S.,No Change,['Oil'],1.0,Petroleum,US-China Relations,tw_example_6.json,11
03/02/2023 13:24:52,U.S.,No Change,['Oil'],1.0,Petroleum,US-China Relations,tw_example_6.json,11
03/02/2023 13:24:52,Saudi Arabia,['Oil'],No Change,0.0,Petroleum,Oil Supply Shock,tw_example_6.json,11
03/02/2023 13:24:52,Saudi Arabia,['Oil'],No Change,0.0,Petroleum,Oil Supply Shock,tw_example_6.json,11
03/02/2023 13:24:52,Iran,No Change,['Oil'],0.0,Petroleum,Cyber Warfare,tw_example_6.json,11
03/02/2023 13:25:49,Russia,['Oil'],No Change,1.0,Petroleum,Oil Supply Shock,tw_example_7.json,12
03/02/2023 13:26:55,Russia,['Oil'],No Change,1.0,Petroleum,Oil Supply Shock,tw_example_7.json,13
03/02/2023 13:28:01,U.S.,No Change,['Oil'],1.0,Petroleum,US-China Relations,tw_example_8.json,14
03/02/2023 13:28:01,U.S.,['Oil'],No Change,1.0,Petroleum,Oil Supply Shock,tw_example_8.json,14
03/02/2023 13:28:01,Iran,No Change,['Oil'],0.0,Petroleum,Cyber Warfare,tw_example_8.json,14
03/02/2023 13:28:55,Russia,['Oil'],No Change,1.0,Petroleum,Oil Supply Shock,tw_example_9.json,15
03/02/2023 13:28:55,Russia,['Oil'],No Change,1.0,Petroleum,Oil Supply Shock,tw_example_9.json,15
03/02/2023 13:28:55,Russia,['Oil'],No Change,1.0,Petroleum,Oil Supply Shock,tw_example_9.json,15
03/02/2023 13:29:49,Russia,['Oil'],No Change,1.0,Petroleum,Oil Supply Shock,tw_example_9.json,16
03/02/2023 13:29:49,Russia,['Oil'],No Change,1.0,Petroleum,Oil Supply Shock,tw_example_9.json,16
03/02/2023 13:29:49,Russia,['Oil'],No Change,1.0,Petroleum,Oil Supply Shock,tw_example_9.json,16
03/02/2023 13:30:43,China,No Change,['Machinery'],1.0,Transmission_Apparatus,War Threats,w_example_10.json,17
03/02/2023 13:30:43,China,No Change,['Machinery'],1.0,Transmission_Apparatus,War Threats,w_example_10.json,17
03/02/2023 13:30:43,China,No Change,['Machinery'],1.0,Transmission_Apparatus,War Threats,w_example_10.json,17
03/02/2023 13:31:48,China,No Change,['Machinery'],1.0,Transmission_Apparatus,War Threats,w_example_10.json,18
03/02/2023 13:31:48,China,No Change,['Machinery'],1.0,Transmission_Apparatus,War Threats,w_example_10.json,18
03/02/2023 13:31:48,China,No Change,['Machinery'],1.0,Transmission_Apparatus,War Threats,w_example_10.json,18
03/02/2023 13:32:49,Saudi Arabia,['Oil'],No Change,0.0,Petroleum,Oil Supply Shock,w_example_11.json,19
03/02/2023 13:32:49,Saudi Arabia,['Oil'],No Change,0.0,Petroleum,Oil Supply Shock,w_example_11.json,19
03/02/2023 13:32:49,Saudi Arabia,['Oil'],No Change,0.0,Petroleum,Oil Supply Shock,w_example_11.json,19
03/02/2023 13:33:42,Russia,['Oil'],No Change,1.0,Petroleum,Oil Supply Shock,w_example_12.json,20
03/02/2023 13:33:42,Saudi Arabia,['Oil'],No Change,0.0,Petroleum,Oil Supply Shock,w_example_12.json,20
03/02/2023 13:33:42,United Kingdom,No Change,['Vehicles'],1.0,Cars,Oil Supply Shock,w_example_12.json,20
03/02/2023 13:34:48,Russia,['Oil'],No Change,1.0,Petroleum,Oil Supply Shock,w_example_12.json,21
03/02/2023 13:34:48,Saudi Arabia,['Oil'],No Change,0.0,Petroleum,Oil Supply Shock,w_example_12.json,21
03/02/2023 13:34:48,United Kingdom,No Change,['Vehicles'],1.0,Cars,Oil Supply Shock,w_example_12.json,21
03/02/2023 13:35:51,Saudi Arabia,['Oil'],No Change,0.0,Petroleum,Oil Supply Shock,w_example_13.json,22
03/02/2023 13:35:51,Saudi Arabia,['Oil'],No Change,0.0,Petroleum,Oil Supply Shock,w_example_13.json,22
03/02/2023 13:35:51,Saudi Arabia,['Oil'],No Change,0.0,Petroleum,Oil Supply Shock,w_example_13.json,22
03/02/2023 13:35:51,United Kingdom,No Change,['Vehicles'],1.0,Cars,Oil Supply Shock,w_example_13.json,22
03/02/2023 13:36:56,Saudi Arabia,['Oil'],No Change,0.0,Petroleum,Oil Supply Shock,w_example_13.json,23
03/02/2023 13:36:56,Saudi Arabia,['Oil'],No Change,0.0,Petroleum,Oil Supply Shock,w_example_13.json,23
03/02/2023 13:36:56,Saudi Arabia,['Oil'],No Change,0.0,Petroleum,Oil Supply Shock,w_example_13.json,23
03/02/2023 13:36:56,United Kingdom,No Change,['Vehicles'],1.0,Cars,Oil Supply Shock,w_example_13.json,23
03/02/2023 13:37:58,Saudi Arabia,['Oil'],No Change,0.0,Petroleum,Oil Supply Shock,w_example_14.json,24
03/02/2023 13:37:58,Russia,['Oil'],No Change,1.0,Petroleum,Oil Supply Shock,w_example_14.json,24
03/02/2023 13:37:58,Saudi Arabia,['Oil'],No Change,0.0,Petroleum,Oil Supply Shock,w_example_14.json,24
03/02/2023 13:39:04,Russia,['Oil'],No Change,1.0,Petroleum,Oil Supply Shock,w_example_15.json,25
03/02/2023 13:39:04,Saudi Arabia,['Oil'],No Change,0.0,Petroleum,Oil Supply Shock,w_example_15.json,25
03/02/2023 13:39:04,Russia,['Oil'],No Change,1.0,Petroleum,Oil Supply Shock,w_example_15.json,25
03/02/2023 13:40:07,Russia,['Oil'],No Change,1.0,Petroleum,Oil Supply Shock,w_example_15.json,26
03/02/2023 13:40:07,Saudi Arabia,['Oil'],No Change,0.0,Petroleum,Oil Supply Shock,w_example_15.json,26
03/02/2023 13:40:07,Russia,['Oil'],No Change,1.0,Petroleum,Oil Supply Shock,w_example_15.json,26
03/02/2023 13:42:08,Russia,['Oil'],No Change,1.0,Petroleum,Oil Supply Shock,w_example_17.json,28
03/02/2023 13:42:08,Russia,['Oil'],No Change,1.0,Petroleum,Oil Supply Shock,w_example_17.json,28
03/02/2023 13:43:20,Russia,['Oil'],No Change,1.0,Petroleum,Oil Supply Shock,w_example_17.json,29
03/02/2023 13:43:20,Russia,['Oil'],No Change,1.0,Petroleum,Oil Supply Shock,w_example_17.json,29
03/02/2023 13:44:29,U.S.,No Change,['Oil'],1.0,Petroleum,US-China Relations,w_example_18.json,30
03/02/2023 13:44:29,Haiti,['Clothing'],No Change,0.0,T_Shirts,Goldstein Positive,w_example_18.json,30
03/02/2023 13:44:29,Russia,['Oil'],No Change,1.0,Petroleum,Oil Supply Shock,w_example_18.json,30
03/02/2023 13:44:29,Saudi Arabia,['Oil'],No Change,0.0,Petroleum,Oil Supply Shock,w_example_18.json,30
03/02/2023 13:45:36,Russia,['Oil'],No Change,1.0,Petroleum,Oil Supply Shock,w_example_19.json,31
03/02/2023 13:45:36,Saudi Arabia,['Oil'],No Change,0.0,Petroleum,Oil Supply Shock,w_example_19.json,31
03/02/2023 13:45:36,China,No Change,['Machinery'],1.0,Transmission_Apparatus,War Threats,w_example_19.json,31
03/02/2023 13:45:36,U.S.,No Change,['Oil'],1.0,Petroleum,US-China Relations,w_example_19.json,31
03/02/2023 13:46:41,Russia,No Change,['Oil'],1.0,Petroleum,US-China Relations,w_example_20.json,32
03/02/2023 13:46:41,Saudi Arabia,['Oil'],No Change,0.0,Petroleum,Oil Supply Shock,w_example_20.json,32
03/02/2023 13:47:44,Russia,No Change,['Oil'],1.0,Petroleum,US-China Relations,w_example_20.json,33
03/02/2023 13:47:44,Saudi Arabia,['Oil'],No Change,0.0,Petroleum,Oil Supply Shock,w_example_20.json,33
03/02/2023 13:48:49,China,No Change,['Machinery'],1.0,Transmission_Apparatus,War Threats,w_example_21.json,34
03/02/2023 13:49:48,U.S.,No Change,['Oil'],1.0,Petroleum,US-China Relations,w_example_22.json,35
03/02/2023 13:49:48,Venezuela,['Oil'],No Change,0.0,Petroleum,Oil Supply Shock,w_example_22.json,35
03/02/2023 13:50:56,U.S.,No Change,['Oil'],1.0,Petroleum,US-China Relations,w_example_22.json,36
03/02/2023 13:50:56,Venezuela,['Oil'],No Change,0.0,Petroleum,Oil Supply Shock,w_example_22.json,36
03/02/2023 13:55:05,U.S.,No Change,['Oil'],1.0,Petroleum,Cyber Warfare,w_example_25.json,40
03/02/2023 13:56:08,U.S.,No Change,['Oil'],1.0,Petroleum,Cyber Warfare,w_example_25.json,41
03/02/2023 13:57:09,Russia,No Change,['Oil'],1.0,Petroleum,US-China Relations,w_example_26.json,42
03/02/2023 13:57:09,Ukraine,['Food'],No Change,1.0,Sun-Flower Seeds,US-China Relations,w_example_26.json,42
03/02/2023 13:57:09,Libya,['Oil'],No Change,0.0,Petroleum,Oil Supply Shock,w_example_26.json,42
03/02/2023 13:57:09,France,No Change,['Vehicles'],1.0,Airplanes,Oil Supply Shock,w_example_26.json,42
03/02/2023 13:57:09,Russia,['Oil'],No Change,1.0,Petroleum,Oil Supply Shock,w_example_26.json,42
03/02/2023 13:57:09,U.S.,No Change,['Oil'],1.0,Petroleum,US-China Relations,w_example_26.json,42
03/02/2023 14:00:19,Russia,No Change,['Oil'],1.0,Petroleum,Cyber Warfare,w_example_28.json,45
03/02/2023 14:00:19,U.S.,No Change,['Oil'],1.0,Petroleum,US-China Relations,w_example_28.json,45
03/02/2023 14:00:19,Russia,['Oil'],No Change,1.0,Petroleum,Oil Supply Shock,w_example_28.json,45
03/02/2023 14:00:19,Venezuela,No Change,['Oil'],0.0,Petroleum,US-China Relations,w_example_28.json,45
03/02/2023 14:00:19,Poland,No Change,['Vehicles'],0.0,Cars,Oil Supply Shock,w_example_28.json,45
03/02/2023 14:00:19,Poland,No Change,['Vehicles'],0.0,Cars,Oil Supply Shock,w_example_28.json,45
03/02/2023 14:00:19,Iran,No Change,['Oil'],0.0,Petroleum,Cyber Warfare,w_example_28.json,45
03/02/2023 14:00:19,Iran,No Change,['Oil'],0.0,Petroleum,Cyber Warfare,w_example_28.json,45
03/02/2023 14:01:25,U.S.,No Change,['Oil'],1.0,Petroleum,US-China Relations,w_example_29.json,46
03/02/2023 14:01:25,China,No Change,['Machinery'],1.0,Transmission_Apparatus,War Threats,w_example_29.json,46
03/02/2023 14:01:25,Russia,['Oil'],No Change,1.0,Petroleum,Oil Supply Shock,w_example_29.json,46
03/02/2023 14:01:25,Saudi Arabia,['Oil'],No Change,0.0,Petroleum,Oil Supply Shock,w_example_29.json,46
03/02/2023 14:02:27,U.S.,No Change,['Oil'],1.0,Petroleum,US-China Relations,w_example_29.json,47
03/02/2023 14:02:27,China,No Change,['Machinery'],1.0,Transmission_Apparatus,War Threats,w_example_29.json,47
03/02/2023 14:02:27,Russia,['Oil'],No Change,1.0,Petroleum,Oil Supply Shock,w_example_29.json,47
03/02/2023 14:02:27,Saudi Arabia,['Oil'],No Change,0.0,Petroleum,Oil Supply Shock,w_example_29.json,47
03/02/2023 14:05:42,Venezuela,No Change,['Oil'],0.0,Petroleum,US-China Relations,w_example_31.json,50
03/02/2023 14:05:42,Poland,No Change,['Vehicles'],0.0,Cars,Oil Supply Shock,w_example_31.json,50
03/02/2023 14:05:42,Russia,['Oil'],No Change,1.0,Petroleum,Oil Supply Shock,w_example_31.json,50
03/02/2023 14:05:42,China,No Change,['Machinery'],1.0,Transmission_Apparatus,War Threats,w_example_31.json,50
03/02/2023 14:05:42,Saudi Arabia,['Oil'],No Change,0.0,Petroleum,Oil Supply Shock,w_example_31.json,50
03/02/2023 14:05:42,Mexico,No Change,['Vehicles'],1.0,Cars,Oil Supply Shock,w_example_31.json,50
03/02/2023 14:05:42,Iran,No Change,['Oil'],0.0,Petroleum,Cyber Warfare,w_example_31.json,50
03/02/2023 14:06:43,Russia,No Change,['Oil'],1.0,Petroleum,US-China Relations,w_example_32.json,51
03/02/2023 14:07:51,Russia,No Change,['Oil'],1.0,Petroleum,US-China Relations,w_example_32.json,52
03/02/2023 14:08:57,Russia,['Oil'],No Change,1.0,Petroleum,Oil Supply Shock,w_example_33.json,53
03/02/2023 14:08:57,U.S.,['Oil'],No Change,1.0,Petroleum,Oil Supply Shock,w_example_33.json,53
03/02/2023 14:08:57,U.S.,['Oil'],No Change,1.0,Petroleum,Oil Supply Shock,w_example_33.json,53
03/02/2023 14:08:57,Canada,No Change,['Oil'],1.0,Petroleum,Cyber Warfare,w_example_33.json,53
03/02/2023 14:09:51,Russia,['Oil'],No Change,1.0,Petroleum,Oil Supply Shock,w_example_33.json,54
03/02/2023 14:09:51,U.S.,['Oil'],No Change,1.0,Petroleum,Oil Supply Shock,w_example_33.json,54
03/02/2023 14:09:51,U.S.,['Oil'],No Change,1.0,Petroleum,Oil Supply Shock,w_example_33.json,54
03/02/2023 14:09:51,Canada,No Change,['Oil'],1.0,Petroleum,Cyber Warfare,w_example_33.json,54
03/02/2023 14:10:46,Saudi Arabia,No Change,['Oil'],0.0,Petroleum,US-China Relations,w_example_34.json,55
03/02/2023 14:10:46,China,No Change,['Machinery'],1.0,Transmission_Apparatus,War Threats,w_example_34.json,55
03/02/2023 14:11:35,Saudi Arabia,No Change,['Oil'],0.0,Petroleum,US-China Relations,w_example_34.json,56
03/02/2023 14:11:35,China,No Change,['Machinery'],1.0,Transmission_Apparatus,War Threats,w_example_34.json,56
03/02/2023 14:12:29,China,No Change,['Machinery'],1.0,Transmission_Apparatus,War Threats,w_example_35.json,57
03/02/2023 14:12:29,Haiti,['Clothing'],No Change,0.0,T_Shirts,Goldstein Positive,w_example_35.json,57
03/02/2023 14:13:33,China,No Change,['Machinery'],1.0,Transmission_Apparatus,War Threats,w_example_35.json,58
03/02/2023 14:13:33,Haiti,['Clothing'],No Change,0.0,T_Shirts,Goldstein Positive,w_example_35.json,58
03/02/2023 14:14:40,Russia,No Change,['Oil'],1.0,Petroleum,US-China Relations,w_example_36.json,59
03/02/2023 14:14:40,Ukraine,['Food'],No Change,1.0,Sun-Flower Seeds,US-China Relations,w_example_36.json,59
03/02/2023 14:15:54,Russia,['Oil'],No Change,1.0,Petroleum,Oil Supply Shock,w_example_37.json,60
03/02/2023 14:15:54,Russia,['Oil'],No Change,1.0,Petroleum,Oil Supply Shock,w_example_37.json,60
03/02/2023 14:17:13,Russia,['Oil'],No Change,1.0,Petroleum,Oil Supply Shock,w_example_38.json,61
03/02/2023 14:17:13,U.S.,No Change,['Oil'],1.0,Petroleum,US-China Relations,w_example_38.json,61
03/02/2023 14:17:13,Russia,No Change,['Oil'],1.0,Petroleum,US-China Relations,w_example_38.json,61
03/02/2023 14:17:13,Ukraine,['Food'],No Change,1.0,Sun-Flower Seeds,US-China Relations,w_example_38.json,61
03/02/2023 14:18:16,Russia,['Oil'],No Change,1.0,Petroleum,Oil Supply Shock,w_example_38.json,62
03/02/2023 14:18:16,U.S.,No Change,['Oil'],1.0,Petroleum,US-China Relations,w_example_38.json,62
03/02/2023 14:18:16,Russia,No Change,['Oil'],1.0,Petroleum,US-China Relations,w_example_38.json,62
03/02/2023 14:18:16,Ukraine,['Food'],No Change,1.0,Sun-Flower Seeds,US-China Relations,w_example_38.json,62
03/02/2023 14:19:21,Russia,['Oil'],No Change,1.0,Petroleum,Oil Supply Shock,w_example_39.json,63
03/02/2023 14:19:21,Russia,['Oil'],No Change,1.0,Petroleum,Oil Supply Shock,w_example_39.json,63
03/02/2023 14:20:35,Russia,['Oil'],No Change,1.0,Petroleum,Oil Supply Shock,w_example_39.json,64
03/02/2023 14:20:35,Russia,['Oil'],No Change,1.0,Petroleum,Oil Supply Shock,w_example_39.json,64
03/02/2023 14:23:58,Russia,['Oil'],No Change,1.0,Petroleum,Oil Supply Shock,w_example_41.json,67
03/02/2023 14:23:58,Iran,No Change,['Oil'],0.0,Petroleum,Cyber Warfare,w_example_41.json,67
03/02/2023 14:25:06,Russia,['Oil'],No Change,1.0,Petroleum,Oil Supply Shock,w_example_41.json,68
03/02/2023 14:25:06,Iran,No Change,['Oil'],0.0,Petroleum,Cyber Warfare,w_example_41.json,68
03/02/2023 14:26:10,Russia,No Change,['Oil'],1.0,Petroleum,US-China Relations,w_example_42.json,69
03/02/2023 14:26:10,Ukraine,['Food'],No Change,1.0,Sun-Flower Seeds,US-China Relations,w_example_42.json,69
03/02/2023 14:27:06,Russia,No Change,['Oil'],1.0,Petroleum,US-China Relations,w_example_42.json,70
03/02/2023 14:27:06,Ukraine,['Food'],No Change,1.0,Sun-Flower Seeds,US-China Relations,w_example_42.json,70
03/02/2023 14:28:03,Russia,['Oil'],No Change,1.0,Petroleum,Oil Supply Shock,w_example_43.json,71
03/02/2023 14:28:03,U.S.,No Change,['Oil'],1.0,Petroleum,US-China Relations,w_example_43.json,71
03/02/2023 14:28:03,Poland,No Change,['Vehicles'],0.0,Cars,Oil Supply Shock,w_example_43.json,71
03/02/2023 14:28:03,Russia,['Oil'],No Change,1.0,Petroleum,Oil Supply Shock,w_example_43.json,71
03/02/2023 14:28:03,Germany,No Change,['Vehicles'],1.0,Cars,Oil Supply Shock,w_example_43.json,71
03/02/2023 14:28:03,Saudi Arabia,['Oil'],No Change,0.0,Petroleum,Oil Supply Shock,w_example_43.json,71
03/02/2023 14:29:12,Russia,No Change,['Oil'],1.0,Petroleum,US-China Relations,w_example_44.json,72
03/02/2023 14:29:12,Russia,['Oil'],No Change,1.0,Petroleum,Oil Supply Shock,w_example_44.json,72
03/02/2023 14:30:18,Russia,No Change,['Oil'],1.0,Petroleum,US-China Relations,w_example_44.json,73
03/02/2023 14:30:18,Russia,['Oil'],No Change,1.0,Petroleum,Oil Supply Shock,w_example_44.json,73
03/02/2023 14:31:24,Russia,No Change,['Oil'],1.0,Petroleum,US-China Relations,w_example_45.json,74
03/02/2023 14:31:24,Ukraine,['Food'],No Change,1.0,Sun-Flower Seeds,US-China Relations,w_example_45.json,74
03/02/2023 14:31:24,Russia,No Change,['Oil'],1.0,Petroleum,US-China Relations,w_example_45.json,74
03/02/2023 14:31:24,Germany,No Change,['Vehicles'],1.0,Cars,Oil Supply Shock,w_example_45.json,74
03/02/2023 14:31:24,Saudi Arabia,['Oil'],No Change,0.0,Petroleum,Oil Supply Shock,w_example_45.json,74
03/02/2023 14:31:24,Romania,No Change,['Vehicles'],1.0,Vehicles,Oil Supply Shock,w_example_45.json,74
03/02/2023 14:31:24,Saudi Arabia,['Oil'],No Change,0.0,Petroleum,Oil Supply Shock,w_example_45.json,74
03/02/2023 14:31:24,Germany,No Change,['Vehicles'],1.0,Cars,Oil Supply Shock,w_example_45.json,74
03/02/2023 14:32:21,Russia,No Change,['Oil'],1.0,Petroleum,US-China Relations,w_example_45.json,75
03/02/2023 14:32:21,Ukraine,['Food'],No Change,1.0,Sun-Flower Seeds,US-China Relations,w_example_45.json,75
03/02/2023 14:32:21,Russia,No Change,['Oil'],1.0,Petroleum,US-China Relations,w_example_45.json,75
03/02/2023 14:32:21,Germany,No Change,['Vehicles'],1.0,Cars,Oil Supply Shock,w_example_45.json,75
03/02/2023 14:32:21,Saudi Arabia,['Oil'],No Change,0.0,Petroleum,Oil Supply Shock,w_example_45.json,75
03/02/2023 14:32:21,Romania,No Change,['Vehicles'],1.0,Vehicles,Oil Supply Shock,w_example_45.json,75
03/02/2023 14:32:21,Saudi Arabia,['Oil'],No Change,0.0,Petroleum,Oil Supply Shock,w_example_45.json,75
03/02/2023 14:32:21,Germany,No Change,['Vehicles'],1.0,Cars,Oil Supply Shock,w_example_45.json,75
03/02/2023 14:33:13,Russia,['Oil'],No Change,1.0,Petroleum,Oil Supply Shock,w_example_46.json,76
03/02/2023 14:33:13,Saudi Arabia,['Oil'],No Change,0.0,Petroleum,Oil Supply Shock,w_example_46.json,76
03/02/2023 14:34:17,Russia,['Oil'],No Change,1.0,Petroleum,Oil Supply Shock,w_example_46.json,77
03/02/2023 14:34:17,Saudi Arabia,['Oil'],No Change,0.0,Petroleum,Oil Supply Shock,w_example_46.json,77
03/02/2023 14:35:20,Russia,['Oil'],No Change,1.0,Petroleum,Oil Supply Shock,w_example_47.json,78
03/02/2023 14:35:20,China,No Change,['Machinery'],1.0,Transmission_Apparatus,War Threats,w_example_47.json,78
03/02/2023 14:36:18,Russia,['Oil'],No Change,1.0,Petroleum,Oil Supply Shock,w_example_47.json,79
03/02/2023 14:36:18,China,No Change,['Machinery'],1.0,Transmission_Apparatus,War Threats,w_example_47.json,79
03/02/2023 14:37:18,Russia,['Oil'],No Change,1.0,Petroleum,Oil Supply Shock,w_example_48.json,80
03/02/2023 14:38:15,Russia,['Oil'],No Change,1.0,Petroleum,Oil Supply Shock,w_example_48.json,81
03/02/2023 14:39:12,Russia,['Oil'],No Change,1.0,Petroleum,Oil Supply Shock,w_example_49.json,82
03/02/2023 14:39:12,Russia,No Change,['Oil'],1.0,Petroleum,US-China Relations,w_example_49.json,82
03/02/2023 14:39:12,U.S.,No Change,['Oil'],1.0,Petroleum,US-China Relations,w_example_49.json,82
03/02/2023 14:40:12,Russia,['Oil'],No Change,1.0,Petroleum,Oil Supply Shock,w_example_49.json,83
03/02/2023 14:40:12,Russia,No Change,['Oil'],1.0,Petroleum,US-China Relations,w_example_49.json,83
03/02/2023 14:40:12,U.S.,No Change,['Oil'],1.0,Petroleum,US-China Relations,w_example_49.json,83
03/02/2023 14:41:11,U.S.,No Change,['Oil'],1.0,Petroleum,Cyber Warfare,w_example_50.json,84
03/02/2023 14:41:11,U.S.,No Change,['Oil'],1.0,Petroleum,Cyber Warfare,w_example_50.json,84
03/02/2023 14:41:11,Russia,['Oil'],No Change,1.0,Petroleum,Oil Supply Shock,w_example_50.json,84
03/02/2023 14:41:11,Iran,No Change,['Oil'],0.0,Petroleum,Cyber Warfare,w_example_50.json,84
03/02/2023 14:42:21,U.S.,No Change,['Oil'],1.0,Petroleum,Cyber Warfare,w_example_50.json,85
03/02/2023 14:42:21,U.S.,No Change,['Oil'],1.0,Petroleum,Cyber Warfare,w_example_50.json,85
03/02/2023 14:42:21,Russia,['Oil'],No Change,1.0,Petroleum,Oil Supply Shock,w_example_50.json,85
03/02/2023 14:42:21,Iran,No Change,['Oil'],0.0,Petroleum,Cyber Warfare,w_example_50.json,85
03/02/2023 14:43:32,Saudi Arabia,['Oil'],No Change,0.0,Petroleum,Oil Supply Shock,w_example_51.json,86
03/02/2023 14:44:39,China,No Change,['Machinery'],1.0,Transmission_Apparatus,War Threats,w_example_52.json,87
03/02/2023 14:44:39,U.S.,No Change,['Oil'],1.0,Petroleum,Cyber Warfare,w_example_52.json,87
03/02/2023 14:45:39,China,No Change,['Machinery'],1.0,Transmission_Apparatus,War Threats,w_example_52.json,88
03/02/2023 14:45:39,U.S.,No Change,['Oil'],1.0,Petroleum,Cyber Warfare,w_example_52.json,88
03/02/2023 14:46:39,India,['Clothing'],No Change,1.0,Textiles,Goldstein Positive,w_example_53.json,89
03/02/2023 14:47:48,India,['Clothing'],No Change,1.0,Textiles,Goldstein Positive,w_example_53.json,90
03/02/2023 14:48:56,U.S.,No Change,['Oil'],1.0,Petroleum,US-China Relations,w_example_54.json,91
03/02/2023 14:48:56,Mexico,No Change,['Vehicles'],1.0,Cars,Oil Supply Shock,w_example_54.json,91
03/02/2023 14:49:54,U.S.,No Change,['Oil'],1.0,Petroleum,US-China Relations,w_example_54.json,92
03/02/2023 14:49:54,Mexico,No Change,['Vehicles'],1.0,Cars,Oil Supply Shock,w_example_54.json,92
03/02/2023 14:50:51,Russia,['Oil'],No Change,1.0,Petroleum,Oil Supply Shock,w_example_55.json,93
03/02/2023 14:50:51,U.S.,No Change,['Oil'],1.0,Petroleum,US-China Relations,w_example_55.json,93
03/02/2023 14:50:51,Russia,No Change,['Oil'],1.0,Petroleum,US-China Relations,w_example_55.json,93
03/02/2023 14:50:51,Ukraine,['Food'],No Change,1.0,Sun-Flower Seeds,US-China Relations,w_example_55.json,93
03/02/2023 14:51:54,Russia,['Oil'],No Change,1.0,Petroleum,Oil Supply Shock,w_example_55.json,94
03/02/2023 14:51:54,U.S.,No Change,['Oil'],1.0,Petroleum,US-China Relations,w_example_55.json,94
03/02/2023 14:51:54,Russia,No Change,['Oil'],1.0,Petroleum,US-China Relations,w_example_55.json,94
03/02/2023 14:51:54,Ukraine,['Food'],No Change,1.0,Sun-Flower Seeds,US-China Relations,w_example_55.json,94
03/02/2023 14:52:57,U.S.,No Change,['Oil'],1.0,Petroleum,US-China Relations,w_example_56.json,95
03/02/2023 14:52:57,U.S.,['Oil'],No Change,1.0,Petroleum,Oil Supply Shock,w_example_56.json,95
03/02/2023 14:52:57,U.S.,No Change,['Oil'],1.0,Petroleum,US-China Relations,w_example_56.json,95
03/02/2023 14:54:05,Nigeria,['Oil'],No Change,1.0,Petroleum,Oil Supply Shock,w_example_57.json,96
03/02/2023 14:54:05,Russia,['Oil'],No Change,1.0,Petroleum,Oil Supply Shock,w_example_57.json,96
03/02/2023 14:55:09,Nigeria,['Oil'],No Change,1.0,Petroleum,Oil Supply Shock,w_example_57.json,97
03/02/2023 14:55:09,Russia,['Oil'],No Change,1.0,Petroleum,Oil Supply Shock,w_example_57.json,97
03/02/2023 14:56:14,Venezuela,['Oil'],No Change,0.0,Petroleum,Oil Supply Shock,w_example_58.json,98
03/02/2023 14:56:14,Iran,['Oil'],No Change,0.0,Petroleum,Oil Supply Shock,w_example_58.json,98
03/02/2023 14:56:14,Russia,['Oil'],No Change,1.0,Petroleum,Oil Supply Shock,w_example_58.json,98
03/02/2023 14:56:14,United States,No Change,['Oil'],1.0,Petroleum,US-China Relations,w_example_58.json,98
03/02/2023 14:56:14,Russia,['Oil'],No Change,1.0,Petroleum,Oil Supply Shock,w_example_58.json,98
03/02/2023 14:56:14,Russia,['Oil'],No Change,1.0,Petroleum,Oil Supply Shock,w_example_58.json,98
03/02/2023 14:56:14,Russia,['Oil'],No Change,1.0,Petroleum,Oil Supply Shock,w_example_58.json,98
03/02/2023 14:57:22,Venezuela,['Oil'],No Change,0.0,Petroleum,Oil Supply Shock,w_example_58.json,99
03/02/2023 14:57:22,Iran,['Oil'],No Change,0.0,Petroleum,Oil Supply Shock,w_example_58.json,99
03/02/2023 14:57:22,Russia,['Oil'],No Change,1.0,Petroleum,Oil Supply Shock,w_example_58.json,99
03/02/2023 14:57:22,United States,No Change,['Oil'],1.0,Petroleum,US-China Relations,w_example_58.json,99
03/02/2023 14:57:22,Russia,['Oil'],No Change,1.0,Petroleum,Oil Supply Shock,w_example_58.json,99
03/02/2023 14:57:22,Russia,['Oil'],No Change,1.0,Petroleum,Oil Supply Shock,w_example_58.json,99
03/02/2023 14:57:22,Russia,['Oil'],No Change,1.0,Petroleum,Oil Supply Shock,w_example_58.json,99
03/02/2023 14:58:29,Venezuela,['Oil'],No Change,0.0,Petroleum,Oil Supply Shock,w_example_59.json,100
03/02/2023 14:58:29,Iran,['Oil'],No Change,0.0,Petroleum,Oil Supply Shock,w_example_59.json,100
03/02/2023 14:58:29,Russia,['Oil'],No Change,1.0,Petroleum,Oil Supply Shock,w_example_59.json,100
03/02/2023 14:58:29,Venezuela,['Oil'],No Change,0.0,Petroleum,Oil Supply Shock,w_example_59.json,100
03/02/2023 14:58:29,Russia,['Oil'],No Change,1.0,Petroleum,Oil Supply Shock,w_example_59.json,100
03/02/2023 14:59:37,Venezuela,['Oil'],No Change,0.0,Petroleum,Oil Supply Shock,w_example_59.json,101
03/02/2023 14:59:37,Iran,['Oil'],No Change,0.0,Petroleum,Oil Supply Shock,w_example_59.json,101
03/02/2023 14:59:37,Russia,['Oil'],No Change,1.0,Petroleum,Oil Supply Shock,w_example_59.json,101
03/02/2023 14:59:37,Venezuela,['Oil'],No Change,0.0,Petroleum,Oil Supply Shock,w_example_59.json,101
03/02/2023 14:59:37,Russia,['Oil'],No Change,1.0,Petroleum,Oil Supply Shock,w_example_59.json,101
03/02/2023 15:00:43,Venezuela,['Oil'],No Change,0.0,Petroleum,Oil Supply Shock,w_example_60.json,102
03/02/2023 15:00:43,Iran,['Oil'],No Change,0.0,Petroleum,Oil Supply Shock,w_example_60.json,102
03/02/2023 15:00:43,Russia,['Oil'],No Change,1.0,Petroleum,Oil Supply Shock,w_example_60.json,102
03/02/2023 15:00:43,Venezuela,['Oil'],No Change,0.0,Petroleum,Oil Supply Shock,w_example_60.json,102
03/02/2023 15:00:43,Iran,['Oil'],No Change,0.0,Petroleum,Oil Supply Shock,w_example_60.json,102
03/02/2023 15:00:43,Russia,['Oil'],No Change,1.0,Petroleum,Oil Supply Shock,w_example_60.json,102
03/02/2023 15:00:43,Venezuela,['Oil'],No Change,0.0,Petroleum,Oil Supply Shock,w_example_60.json,102
03/02/2023 15:00:43,Iran,['Oil'],No Change,0.0,Petroleum,Oil Supply Shock,w_example_60.json,102
03/02/2023 15:00:43,Russia,['Oil'],No Change,1.0,Petroleum,Oil Supply Shock,w_example_60.json,102
03/02/2023 15:00:43,Venezuela,['Oil'],No Change,0.0,Petroleum,Oil Supply Shock,w_example_60.json,102
03/02/2023 15:00:43,Iran,['Oil'],No Change,0.0,Petroleum,Oil Supply Shock,w_example_60.json,102
03/02/2023 15:00:43,Russia,['Oil'],No Change,1.0,Petroleum,Oil Supply Shock,w_example_60.json,102
03/02/2023 15:00:43,Saudi Arabia,No Change,['Oil'],0.0,Petroleum,US-China Relations,w_example_60.json,102
03/02/2023 15:00:43,Venezuela,['Oil'],No Change,0.0,Petroleum,Oil Supply Shock,w_example_60.json,102
03/02/2023 15:00:43,Iran,['Oil'],No Change,0.0,Petroleum,Oil Supply Shock,w_example_60.json,102
03/02/2023 15:00:43,Russia,['Oil'],No Change,1.0,Petroleum,Oil Supply Shock,w_example_60.json,102
03/02/2023 15:01:40,Venezuela,['Oil'],No Change,0.0,Petroleum,Oil Supply Shock,w_example_61.json,103
03/02/2023 15:01:40,Venezuela,['Oil'],No Change,0.0,Petroleum,Oil Supply Shock,w_example_61.json,103
03/02/2023 15:01:40,Iran,['Oil'],No Change,0.0,Petroleum,Oil Supply Shock,w_example_61.json,103
03/02/2023 15:01:40,Russia,['Oil'],No Change,1.0,Petroleum,Oil Supply Shock,w_example_61.json,103
03/02/2023 15:01:40,U.S.,No Change,['Oil'],1.0,Petroleum,US-China Relations,w_example_61.json,103
03/02/2023 15:02:45,Venezuela,['Oil'],No Change,0.0,Petroleum,Oil Supply Shock,w_example_61.json,104
03/02/2023 15:02:45,Venezuela,['Oil'],No Change,0.0,Petroleum,Oil Supply Shock,w_example_61.json,104
03/02/2023 15:02:45,Iran,['Oil'],No Change,0.0,Petroleum,Oil Supply Shock,w_example_61.json,104
03/02/2023 15:02:45,Russia,['Oil'],No Change,1.0,Petroleum,Oil Supply Shock,w_example_61.json,104
03/02/2023 15:02:45,U.S.,No Change,['Oil'],1.0,Petroleum,US-China Relations,w_example_61.json,104
