Time,Text_Loc_En,Export_Aff_Pos,Export_Aff_Neg,Top_Exporter,Specific_Good,Tag,File_name,Counter
12/02/2023 12:18:02,,,,0,,,,0
12/02/2023 12:33:35,Kazakhstan,['Oil'],No Change,1.0,Petroleum,Oil Supply Shock,tw_example_2.json,1
12/02/2023 12:34:34,Kazakhstan,['Oil'],No Change,1.0,Petroleum,Oil Supply Shock,tw_example_2.json,2
12/02/2023 12:37:43,Russia,['Oil'],No Change,1.0,Petroleum,Oil Supply Shock,tw_example_4.json,5
12/02/2023 12:38:48,Russia,['Oil'],No Change,1.0,Petroleum,Oil Supply Shock,tw_example_4.json,6
12/02/2023 12:39:50,Iran,No Change,['Oil'],0.0,Petroleum,Cyber Warfare,tw_example_5.json,7
12/02/2023 12:40:57,Iran,No Change,['Oil'],0.0,Petroleum,Cyber Warfare,tw_example_5.json,8
12/02/2023 12:42:05,Ecuador,['Oil'],No Change,0.0,Petroleum,Oil Supply Shock,tw_example_6.json,9
12/02/2023 12:43:00,Ecuador,['Oil'],No Change,0.0,Petroleum,Oil Supply Shock,tw_example_6.json,10
12/02/2023 12:44:00,Azerbaijan,['Oil'],No Change,1.0,Petroleum,Oil Supply Shock,tw_example_7.json,11
12/02/2023 12:44:00,Canada,No Change,['Oil'],1.0,Petroleum,US-China Relations,tw_example_7.json,11
12/02/2023 12:44:00,Russia,No Change,['Oil'],1.0,Petroleum,Cyber Warfare,tw_example_7.json,11
12/02/2023 12:44:00,Russia,No Change,['Oil'],1.0,Petroleum,Cyber Warfare,tw_example_7.json,11
12/02/2023 12:44:00,Russia,['Oil'],No Change,1.0,Petroleum,Oil Supply Shock,tw_example_7.json,11
12/02/2023 12:44:00,Russia,['Oil'],No Change,1.0,Petroleum,Oil Supply Shock,tw_example_7.json,11
12/02/2023 12:44:00,Russia,['Oil'],No Change,1.0,Petroleum,Oil Supply Shock,tw_example_7.json,11
12/02/2023 12:45:11,United States,['Oil'],No Change,1.0,Petroleum,Oil Supply Shock,tw_example_8.json,12
12/02/2023 12:46:21,United States,['Oil'],No Change,1.0,Petroleum,Oil Supply Shock,tw_example_8.json,13
12/02/2023 12:48:45,Russia,['Oil'],No Change,1.0,Petroleum,Oil Supply Shock,w_example_10.json,15
12/02/2023 12:48:45,Russia,['Oil'],No Change,1.0,Petroleum,Oil Supply Shock,w_example_10.json,15
12/02/2023 12:48:45,Canada,No Change,['Oil'],1.0,Petroleum,Cyber Warfare,w_example_10.json,15
12/02/2023 12:49:42,Russia,['Oil'],No Change,1.0,Petroleum,Oil Supply Shock,w_example_10.json,16
12/02/2023 12:49:42,Russia,['Oil'],No Change,1.0,Petroleum,Oil Supply Shock,w_example_10.json,16
12/02/2023 12:49:42,Canada,No Change,['Oil'],1.0,Petroleum,Cyber Warfare,w_example_10.json,16
12/02/2023 12:52:20,Russia,['Oil'],No Change,1.0,Petroleum,Oil Supply Shock,w_example_12.json,19
12/02/2023 12:53:18,Russia,['Oil'],No Change,1.0,Petroleum,Oil Supply Shock,w_example_12.json,20
12/02/2023 12:57:22,Russia,['Oil'],No Change,1.0,Petroleum,Oil Supply Shock,w_example_14.json,24
12/02/2023 12:57:22,Ukraine,['Food'],No Change,1.0,Sun-Flower Seeds,US-China Relations,w_example_14.json,24
12/02/2023 12:58:25,Russia,['Oil'],No Change,1.0,Petroleum,Oil Supply Shock,w_example_14.json,25
12/02/2023 12:58:25,Ukraine,['Food'],No Change,1.0,Sun-Flower Seeds,US-China Relations,w_example_14.json,25
12/02/2023 12:59:26,Russia,['Oil'],No Change,1.0,Petroleum,Oil Supply Shock,w_example_15.json,26
12/02/2023 12:59:26,Russia,['Oil'],No Change,1.0,Petroleum,Oil Supply Shock,w_example_15.json,26
12/02/2023 13:00:25,Russia,['Oil'],No Change,1.0,Petroleum,Oil Supply Shock,w_example_15.json,27
12/02/2023 13:00:25,Russia,['Oil'],No Change,1.0,Petroleum,Oil Supply Shock,w_example_15.json,27
12/02/2023 13:01:24,Iran,['Oil'],No Change,0.0,Petroleum,Oil Supply Shock,w_example_16.json,28
12/02/2023 13:02:26,Iran,['Oil'],No Change,0.0,Petroleum,Oil Supply Shock,w_example_16.json,29
12/02/2023 13:03:26,Russia,['Oil'],No Change,1.0,Petroleum,Oil Supply Shock,w_example_17.json,30
12/02/2023 13:03:26,Russia,['Oil'],No Change,1.0,Petroleum,Oil Supply Shock,w_example_17.json,30
12/02/2023 13:05:47,Greece,['Oil'],No Change,0.0,Petroleum,Oil Supply Shock,w_example_18.json,31
12/02/2023 13:06:41,Greece,['Oil'],No Change,0.0,Petroleum,Oil Supply Shock,w_example_18.json,32
12/02/2023 13:07:34,Greece,['Oil'],No Change,0.0,Petroleum,Oil Supply Shock,w_example_18.json,33
12/02/2023 13:12:23,Russia,['Oil'],No Change,1.0,Petroleum,Oil Supply Shock,w_example_21.json,38
12/02/2023 13:12:23,Russia,['Oil'],No Change,1.0,Petroleum,Oil Supply Shock,w_example_21.json,38
12/02/2023 13:13:24,U.S.,No Change,['Oil'],1.0,Petroleum,US-China Relations,w_example_22.json,39
12/02/2023 13:14:24,U.S.,No Change,['Oil'],1.0,Petroleum,US-China Relations,w_example_22.json,40
12/02/2023 13:19:31,Russia,['Oil'],No Change,1.0,Petroleum,Oil Supply Shock,w_example_25.json,45
12/02/2023 13:19:31,Russia,['Oil'],No Change,1.0,Petroleum,Oil Supply Shock,w_example_25.json,45
12/02/2023 13:20:37,Russia,['Oil'],No Change,1.0,Petroleum,Oil Supply Shock,w_example_25.json,46
12/02/2023 13:20:37,Russia,['Oil'],No Change,1.0,Petroleum,Oil Supply Shock,w_example_25.json,46
12/02/2023 13:21:40,Russia,['Oil'],No Change,1.0,Petroleum,Oil Supply Shock,w_example_26.json,47
12/02/2023 13:22:43,Russia,['Oil'],No Change,1.0,Petroleum,Oil Supply Shock,w_example_26.json,48
12/02/2023 13:25:19,India,['Clothing'],No Change,1.0,Textiles,Goldstein Positive,w_example_28.json,50
12/02/2023 13:25:19,Pakistan,['Clothing'],No Change,1.0,Bed_Linen,Goldstein Positive,w_example_28.json,50
12/02/2023 13:25:19,Ukraine,['Food'],No Change,1.0,Sun-Flower Seeds,US-China Relations,w_example_28.json,50
12/02/2023 13:25:19,Russia,['Oil'],No Change,1.0,Petroleum,Oil Supply Shock,w_example_28.json,50
12/02/2023 13:25:19,Russia,['Oil'],No Change,1.0,Petroleum,Oil Supply Shock,w_example_28.json,50
12/02/2023 13:26:35,India,['Clothing'],No Change,1.0,Textiles,Goldstein Positive,w_example_28.json,51
12/02/2023 13:26:35,Pakistan,['Clothing'],No Change,1.0,Bed_Linen,Goldstein Positive,w_example_28.json,51
12/02/2023 13:26:35,Ukraine,['Food'],No Change,1.0,Sun-Flower Seeds,US-China Relations,w_example_28.json,51
12/02/2023 13:26:35,Russia,['Oil'],No Change,1.0,Petroleum,Oil Supply Shock,w_example_28.json,51
12/02/2023 13:26:35,Russia,['Oil'],No Change,1.0,Petroleum,Oil Supply Shock,w_example_28.json,51
12/02/2023 13:27:46,Angola,['Oil'],No Change,1.0,Petroleum,Oil Supply Shock,w_example_29.json,52
12/02/2023 13:29:04,Angola,['Oil'],No Change,1.0,Petroleum,Oil Supply Shock,w_example_29.json,53
12/02/2023 13:34:01,U.S.,No Change,['Oil'],1.0,Petroleum,US-China Relations,w_example_32.json,57
12/02/2023 13:34:01,U.S.,No Change,['Oil'],1.0,Petroleum,US-China Relations,w_example_32.json,57
12/02/2023 13:34:01,U.S.,No Change,['Oil'],1.0,Petroleum,US-China Relations,w_example_32.json,57
12/02/2023 13:34:01,U.S.,No Change,['Oil'],1.0,Petroleum,US-China Relations,w_example_32.json,57
12/02/2023 13:34:01,U.S.,No Change,['Oil'],1.0,Petroleum,US-China Relations,w_example_32.json,57
12/02/2023 13:34:01,U.S.,No Change,['Oil'],1.0,Petroleum,US-China Relations,w_example_32.json,57
12/02/2023 13:34:01,U.S.,No Change,['Oil'],1.0,Petroleum,US-China Relations,w_example_32.json,57
12/02/2023 13:34:01,U.S.,No Change,['Oil'],1.0,Petroleum,US-China Relations,w_example_32.json,57
12/02/2023 13:34:01,U.S.,No Change,['Oil'],1.0,Petroleum,US-China Relations,w_example_32.json,57
12/02/2023 13:34:01,Canada,No Change,['Oil'],1.0,Petroleum,US-China Relations,w_example_32.json,57
12/02/2023 13:35:00,U.S.,No Change,['Oil'],1.0,Petroleum,US-China Relations,w_example_32.json,58
12/02/2023 13:35:00,U.S.,No Change,['Oil'],1.0,Petroleum,US-China Relations,w_example_32.json,58
12/02/2023 13:35:00,U.S.,No Change,['Oil'],1.0,Petroleum,US-China Relations,w_example_32.json,58
12/02/2023 13:35:00,U.S.,No Change,['Oil'],1.0,Petroleum,US-China Relations,w_example_32.json,58
12/02/2023 13:35:00,U.S.,No Change,['Oil'],1.0,Petroleum,US-China Relations,w_example_32.json,58
12/02/2023 13:35:00,U.S.,No Change,['Oil'],1.0,Petroleum,US-China Relations,w_example_32.json,58
12/02/2023 13:35:00,U.S.,No Change,['Oil'],1.0,Petroleum,US-China Relations,w_example_32.json,58
12/02/2023 13:35:00,U.S.,No Change,['Oil'],1.0,Petroleum,US-China Relations,w_example_32.json,58
12/02/2023 13:35:00,U.S.,No Change,['Oil'],1.0,Petroleum,US-China Relations,w_example_32.json,58
12/02/2023 13:35:00,Canada,No Change,['Oil'],1.0,Petroleum,US-China Relations,w_example_32.json,58
12/02/2023 13:35:55,U.S.,No Change,['Oil'],1.0,Petroleum,US-China Relations,w_example_33.json,59
12/02/2023 13:35:55,U.S.,No Change,['Oil'],1.0,Petroleum,US-China Relations,w_example_33.json,59
12/02/2023 13:35:55,U.S.,No Change,['Oil'],1.0,Petroleum,US-China Relations,w_example_33.json,59
12/02/2023 13:35:55,U.S.,No Change,['Oil'],1.0,Petroleum,US-China Relations,w_example_33.json,59
12/02/2023 13:35:55,U.S.,No Change,['Oil'],1.0,Petroleum,US-China Relations,w_example_33.json,59
12/02/2023 13:36:58,U.S.,No Change,['Oil'],1.0,Petroleum,US-China Relations,w_example_33.json,60
12/02/2023 13:36:58,U.S.,No Change,['Oil'],1.0,Petroleum,US-China Relations,w_example_33.json,60
12/02/2023 13:36:58,U.S.,No Change,['Oil'],1.0,Petroleum,US-China Relations,w_example_33.json,60
12/02/2023 13:36:58,U.S.,No Change,['Oil'],1.0,Petroleum,US-China Relations,w_example_33.json,60
12/02/2023 13:36:58,U.S.,No Change,['Oil'],1.0,Petroleum,US-China Relations,w_example_33.json,60
12/02/2023 13:40:09,U.S.,No Change,['Oil'],1.0,Petroleum,US-China Relations,w_example_35.json,63
12/02/2023 13:40:09,U.S.,No Change,['Oil'],1.0,Petroleum,US-China Relations,w_example_35.json,63
12/02/2023 13:40:09,Russia,No Change,['Oil'],1.0,Petroleum,Cyber Warfare,w_example_35.json,63
12/02/2023 13:40:09,Russia,['Oil'],No Change,1.0,Petroleum,Oil Supply Shock,w_example_35.json,63
12/02/2023 13:40:09,Russia,['Oil'],No Change,1.0,Petroleum,Oil Supply Shock,w_example_35.json,63
12/02/2023 13:41:11,U.S.,No Change,['Oil'],1.0,Petroleum,US-China Relations,w_example_35.json,64
12/02/2023 13:41:11,U.S.,No Change,['Oil'],1.0,Petroleum,US-China Relations,w_example_35.json,64
12/02/2023 13:41:11,Russia,No Change,['Oil'],1.0,Petroleum,Cyber Warfare,w_example_35.json,64
12/02/2023 13:41:11,Russia,['Oil'],No Change,1.0,Petroleum,Oil Supply Shock,w_example_35.json,64
12/02/2023 13:41:11,Russia,['Oil'],No Change,1.0,Petroleum,Oil Supply Shock,w_example_35.json,64
12/02/2023 13:42:15,U.S.,No Change,['Oil'],1.0,Petroleum,US-China Relations,w_example_36.json,65
12/02/2023 13:42:15,U.S.,No Change,['Oil'],1.0,Petroleum,US-China Relations,w_example_36.json,65
12/02/2023 13:42:15,U.S.,No Change,['Oil'],1.0,Petroleum,US-China Relations,w_example_36.json,65
12/02/2023 13:42:15,U.S.,No Change,['Oil'],1.0,Petroleum,US-China Relations,w_example_36.json,65
12/02/2023 13:42:15,U.S.,No Change,['Oil'],1.0,Petroleum,US-China Relations,w_example_36.json,65
12/02/2023 13:42:15,U.S.,No Change,['Oil'],1.0,Petroleum,US-China Relations,w_example_36.json,65
12/02/2023 13:42:15,U.S.,No Change,['Oil'],1.0,Petroleum,US-China Relations,w_example_36.json,65
12/02/2023 13:42:15,U.S.,No Change,['Oil'],1.0,Petroleum,US-China Relations,w_example_36.json,65
12/02/2023 13:42:15,U.S.,No Change,['Oil'],1.0,Petroleum,US-China Relations,w_example_36.json,65
12/02/2023 13:42:15,U.S.,No Change,['Oil'],1.0,Petroleum,US-China Relations,w_example_36.json,65
12/02/2023 13:42:15,U.S.,No Change,['Oil'],1.0,Petroleum,US-China Relations,w_example_36.json,65
12/02/2023 13:42:15,U.S.,No Change,['Oil'],1.0,Petroleum,US-China Relations,w_example_36.json,65
12/02/2023 13:42:15,U.S.,No Change,['Oil'],1.0,Petroleum,US-China Relations,w_example_36.json,65
12/02/2023 13:42:15,U.S.,No Change,['Oil'],1.0,Petroleum,US-China Relations,w_example_36.json,65
12/02/2023 13:42:15,U.S.,No Change,['Oil'],1.0,Petroleum,US-China Relations,w_example_36.json,65
12/02/2023 13:42:15,U.S.,No Change,['Oil'],1.0,Petroleum,US-China Relations,w_example_36.json,65
12/02/2023 13:42:15,U.S.,No Change,['Oil'],1.0,Petroleum,US-China Relations,w_example_36.json,65
12/02/2023 13:42:15,U.S.,No Change,['Oil'],1.0,Petroleum,US-China Relations,w_example_36.json,65
12/02/2023 13:42:15,U.S.,No Change,['Oil'],1.0,Petroleum,US-China Relations,w_example_36.json,65
12/02/2023 13:42:15,Russia,No Change,['Oil'],1.0,Petroleum,Cyber Warfare,w_example_36.json,65
12/02/2023 13:42:15,Russia,No Change,['Oil'],1.0,Petroleum,Cyber Warfare,w_example_36.json,65
12/02/2023 13:43:22,U.S.,No Change,['Oil'],1.0,Petroleum,US-China Relations,w_example_36.json,66
12/02/2023 13:43:22,U.S.,No Change,['Oil'],1.0,Petroleum,US-China Relations,w_example_36.json,66
12/02/2023 13:43:22,U.S.,No Change,['Oil'],1.0,Petroleum,US-China Relations,w_example_36.json,66
12/02/2023 13:43:22,U.S.,No Change,['Oil'],1.0,Petroleum,US-China Relations,w_example_36.json,66
12/02/2023 13:43:22,U.S.,No Change,['Oil'],1.0,Petroleum,US-China Relations,w_example_36.json,66
12/02/2023 13:43:22,U.S.,No Change,['Oil'],1.0,Petroleum,US-China Relations,w_example_36.json,66
12/02/2023 13:43:22,U.S.,No Change,['Oil'],1.0,Petroleum,US-China Relations,w_example_36.json,66
12/02/2023 13:43:22,U.S.,No Change,['Oil'],1.0,Petroleum,US-China Relations,w_example_36.json,66
12/02/2023 13:43:22,U.S.,No Change,['Oil'],1.0,Petroleum,US-China Relations,w_example_36.json,66
12/02/2023 13:43:22,U.S.,No Change,['Oil'],1.0,Petroleum,US-China Relations,w_example_36.json,66
12/02/2023 13:43:22,U.S.,No Change,['Oil'],1.0,Petroleum,US-China Relations,w_example_36.json,66
12/02/2023 13:43:22,U.S.,No Change,['Oil'],1.0,Petroleum,US-China Relations,w_example_36.json,66
12/02/2023 13:43:22,U.S.,No Change,['Oil'],1.0,Petroleum,US-China Relations,w_example_36.json,66
12/02/2023 13:43:22,U.S.,No Change,['Oil'],1.0,Petroleum,US-China Relations,w_example_36.json,66
12/02/2023 13:43:22,U.S.,No Change,['Oil'],1.0,Petroleum,US-China Relations,w_example_36.json,66
12/02/2023 13:43:22,U.S.,No Change,['Oil'],1.0,Petroleum,US-China Relations,w_example_36.json,66
12/02/2023 13:43:22,U.S.,No Change,['Oil'],1.0,Petroleum,US-China Relations,w_example_36.json,66
12/02/2023 13:43:22,U.S.,No Change,['Oil'],1.0,Petroleum,US-China Relations,w_example_36.json,66
12/02/2023 13:43:22,U.S.,No Change,['Oil'],1.0,Petroleum,US-China Relations,w_example_36.json,66
12/02/2023 13:43:22,Russia,No Change,['Oil'],1.0,Petroleum,Cyber Warfare,w_example_36.json,66
12/02/2023 13:43:22,Russia,No Change,['Oil'],1.0,Petroleum,Cyber Warfare,w_example_36.json,66
12/02/2023 13:46:35,Russia,['Oil'],No Change,1.0,Petroleum,Oil Supply Shock,w_example_38.json,69
12/02/2023 13:47:37,U.S.,No Change,['Oil'],1.0,Petroleum,US-China Relations,w_example_39.json,70
12/02/2023 13:47:37,Nigeria,['Oil'],No Change,1.0,Petroleum,Oil Supply Shock,w_example_39.json,70
12/02/2023 13:47:37,Russia,No Change,['Oil'],1.0,Petroleum,US-China Relations,w_example_39.json,70
12/02/2023 13:47:37,Russia,No Change,['Oil'],1.0,Petroleum,US-China Relations,w_example_39.json,70
12/02/2023 13:47:37,Russia,['Oil'],No Change,1.0,Petroleum,Oil Supply Shock,w_example_39.json,70
12/02/2023 13:48:36,U.S.,No Change,['Oil'],1.0,Petroleum,US-China Relations,w_example_39.json,71
12/02/2023 13:48:36,Nigeria,['Oil'],No Change,1.0,Petroleum,Oil Supply Shock,w_example_39.json,71
12/02/2023 13:48:36,Russia,No Change,['Oil'],1.0,Petroleum,US-China Relations,w_example_39.json,71
12/02/2023 13:48:36,Russia,No Change,['Oil'],1.0,Petroleum,US-China Relations,w_example_39.json,71
12/02/2023 13:48:36,Russia,['Oil'],No Change,1.0,Petroleum,Oil Supply Shock,w_example_39.json,71
12/02/2023 13:49:30,U.S.,No Change,['Oil'],1.0,Petroleum,US-China Relations,w_example_40.json,72
12/02/2023 13:49:30,U.S.,No Change,['Oil'],1.0,Petroleum,US-China Relations,w_example_40.json,72
12/02/2023 13:49:30,U.S.,No Change,['Oil'],1.0,Petroleum,US-China Relations,w_example_40.json,72
12/02/2023 13:49:30,U.S.,No Change,['Oil'],1.0,Petroleum,US-China Relations,w_example_40.json,72
12/02/2023 13:49:30,U.S.,No Change,['Oil'],1.0,Petroleum,US-China Relations,w_example_40.json,72
12/02/2023 13:49:30,U.S.,No Change,['Oil'],1.0,Petroleum,US-China Relations,w_example_40.json,72
12/02/2023 13:49:30,Russia,['Oil'],No Change,1.0,Petroleum,Oil Supply Shock,w_example_40.json,72
12/02/2023 13:49:30,Russia,['Oil'],No Change,1.0,Petroleum,Oil Supply Shock,w_example_40.json,72
12/02/2023 13:49:30,Russia,['Oil'],No Change,1.0,Petroleum,Oil Supply Shock,w_example_40.json,72
12/02/2023 13:50:30,U.S.,No Change,['Oil'],1.0,Petroleum,US-China Relations,w_example_40.json,73
12/02/2023 13:50:30,U.S.,No Change,['Oil'],1.0,Petroleum,US-China Relations,w_example_40.json,73
12/02/2023 13:50:30,U.S.,No Change,['Oil'],1.0,Petroleum,US-China Relations,w_example_40.json,73
12/02/2023 13:50:30,U.S.,No Change,['Oil'],1.0,Petroleum,US-China Relations,w_example_40.json,73
12/02/2023 13:50:30,U.S.,No Change,['Oil'],1.0,Petroleum,US-China Relations,w_example_40.json,73
12/02/2023 13:50:30,U.S.,No Change,['Oil'],1.0,Petroleum,US-China Relations,w_example_40.json,73
12/02/2023 13:50:30,Russia,['Oil'],No Change,1.0,Petroleum,Oil Supply Shock,w_example_40.json,73
12/02/2023 13:50:30,Russia,['Oil'],No Change,1.0,Petroleum,Oil Supply Shock,w_example_40.json,73
12/02/2023 13:50:30,Russia,['Oil'],No Change,1.0,Petroleum,Oil Supply Shock,w_example_40.json,73
12/02/2023 13:53:33,U.S.,No Change,['Oil'],1.0,Petroleum,US-China Relations,w_example_42.json,76
12/02/2023 13:53:33,Ukraine,['Food'],No Change,1.0,Sun-Flower Seeds,US-China Relations,w_example_42.json,76
12/02/2023 13:53:33,Russia,No Change,['Oil'],1.0,Petroleum,US-China Relations,w_example_42.json,76
12/02/2023 13:53:33,Ukraine,['Food'],No Change,1.0,Sun-Flower Seeds,US-China Relations,w_example_42.json,76
12/02/2023 13:54:32,U.S.,No Change,['Oil'],1.0,Petroleum,US-China Relations,w_example_42.json,77
12/02/2023 13:54:32,Ukraine,['Food'],No Change,1.0,Sun-Flower Seeds,US-China Relations,w_example_42.json,77
12/02/2023 13:54:32,Russia,No Change,['Oil'],1.0,Petroleum,US-China Relations,w_example_42.json,77
12/02/2023 13:54:32,Ukraine,['Food'],No Change,1.0,Sun-Flower Seeds,US-China Relations,w_example_42.json,77
12/02/2023 13:55:28,U.S.,No Change,['Oil'],1.0,Petroleum,US-China Relations,w_example_43.json,78
12/02/2023 13:55:28,U.S.,No Change,['Oil'],1.0,Petroleum,US-China Relations,w_example_43.json,78
12/02/2023 13:55:28,U.S.,No Change,['Oil'],1.0,Petroleum,US-China Relations,w_example_43.json,78
12/02/2023 13:55:28,U.S.,No Change,['Oil'],1.0,Petroleum,US-China Relations,w_example_43.json,78
12/02/2023 13:55:28,U.S.,No Change,['Oil'],1.0,Petroleum,US-China Relations,w_example_43.json,78
12/02/2023 13:55:28,Russia,['Oil'],No Change,1.0,Petroleum,Oil Supply Shock,w_example_43.json,78
12/02/2023 13:55:28,Russia,['Oil'],No Change,1.0,Petroleum,Oil Supply Shock,w_example_43.json,78
12/02/2023 13:55:28,Russia,['Oil'],No Change,1.0,Petroleum,Oil Supply Shock,w_example_43.json,78
12/02/2023 13:56:37,U.S.,No Change,['Oil'],1.0,Petroleum,US-China Relations,w_example_43.json,79
12/02/2023 13:56:37,U.S.,No Change,['Oil'],1.0,Petroleum,US-China Relations,w_example_43.json,79
12/02/2023 13:56:37,U.S.,No Change,['Oil'],1.0,Petroleum,US-China Relations,w_example_43.json,79
12/02/2023 13:56:37,U.S.,No Change,['Oil'],1.0,Petroleum,US-China Relations,w_example_43.json,79
12/02/2023 13:56:37,U.S.,No Change,['Oil'],1.0,Petroleum,US-China Relations,w_example_43.json,79
12/02/2023 13:56:37,Russia,['Oil'],No Change,1.0,Petroleum,Oil Supply Shock,w_example_43.json,79
12/02/2023 13:56:37,Russia,['Oil'],No Change,1.0,Petroleum,Oil Supply Shock,w_example_43.json,79
12/02/2023 13:56:37,Russia,['Oil'],No Change,1.0,Petroleum,Oil Supply Shock,w_example_43.json,79
12/02/2023 13:57:46,Russia,['Oil'],No Change,1.0,Petroleum,Oil Supply Shock,w_example_44.json,80
12/02/2023 13:57:46,Russia,['Oil'],No Change,1.0,Petroleum,Oil Supply Shock,w_example_44.json,80
12/02/2023 13:58:49,Russia,['Oil'],No Change,1.0,Petroleum,Oil Supply Shock,w_example_44.json,81
12/02/2023 13:58:49,Russia,['Oil'],No Change,1.0,Petroleum,Oil Supply Shock,w_example_44.json,81
12/02/2023 13:59:52,Russia,['Oil'],No Change,1.0,Petroleum,Oil Supply Shock,w_example_44.json,82
12/02/2023 13:59:52,Russia,['Oil'],No Change,1.0,Petroleum,Oil Supply Shock,w_example_44.json,82
12/02/2023 14:02:56,Canada,['Oil'],No Change,1.0,Petroleum,Oil Supply Shock,w_example_46.json,85
12/02/2023 14:04:00,Canada,['Oil'],No Change,1.0,Petroleum,Oil Supply Shock,w_example_46.json,86
12/02/2023 14:05:00,Russia,['Oil'],No Change,1.0,Petroleum,Oil Supply Shock,w_example_47.json,87
12/02/2023 14:05:56,Russia,['Oil'],No Change,1.0,Petroleum,Oil Supply Shock,w_example_47.json,88
12/02/2023 14:09:03,Russia,['Oil'],No Change,1.0,Petroleum,Oil Supply Shock,w_example_49.json,91
12/02/2023 14:09:03,Russia,['Oil'],No Change,1.0,Petroleum,Oil Supply Shock,w_example_49.json,91
12/02/2023 14:09:56,Russia,['Oil'],No Change,1.0,Petroleum,Oil Supply Shock,w_example_49.json,92
12/02/2023 14:09:56,Russia,['Oil'],No Change,1.0,Petroleum,Oil Supply Shock,w_example_49.json,92
12/02/2023 14:10:48,Russia,['Oil'],No Change,1.0,Petroleum,Oil Supply Shock,w_example_49.json,93
12/02/2023 14:10:48,Russia,['Oil'],No Change,1.0,Petroleum,Oil Supply Shock,w_example_49.json,93
12/02/2023 14:11:41,Russia,No Change,['Oil'],1.0,Petroleum,Cyber Warfare,w_example_50.json,94
12/02/2023 14:11:41,Russia,['Oil'],No Change,1.0,Petroleum,Oil Supply Shock,w_example_50.json,94
12/02/2023 14:11:41,Russia,['Oil'],No Change,1.0,Petroleum,Oil Supply Shock,w_example_50.json,94
12/02/2023 14:12:43,Russia,No Change,['Oil'],1.0,Petroleum,Cyber Warfare,w_example_50.json,95
12/02/2023 14:12:43,Russia,['Oil'],No Change,1.0,Petroleum,Oil Supply Shock,w_example_50.json,95
12/02/2023 14:12:43,Russia,['Oil'],No Change,1.0,Petroleum,Oil Supply Shock,w_example_50.json,95
12/02/2023 14:13:36,Iran,['Oil'],No Change,0.0,Petroleum,Oil Supply Shock,w_example_51.json,96
12/02/2023 14:14:37,Iran,['Oil'],No Change,0.0,Petroleum,Oil Supply Shock,w_example_51.json,97
12/02/2023 14:15:38,Iran,['Oil'],No Change,0.0,Petroleum,Oil Supply Shock,w_example_51.json,98
12/02/2023 14:19:00,Russia,['Oil'],No Change,1.0,Petroleum,Oil Supply Shock,w_example_53.json,101
12/02/2023 14:20:18,Russia,['Oil'],No Change,1.0,Petroleum,Oil Supply Shock,w_example_53.json,102
12/02/2023 14:21:37,Ukraine,['Food'],No Change,1.0,Sun-Flower Seeds,US-China Relations,w_example_54.json,103
12/02/2023 14:21:37,Russia,['Oil'],No Change,1.0,Petroleum,Oil Supply Shock,w_example_54.json,103
12/02/2023 14:21:37,Russia,['Oil'],No Change,1.0,Petroleum,Oil Supply Shock,w_example_54.json,103
12/02/2023 14:22:58,Nigeria,['Oil'],No Change,1.0,Petroleum,Oil Supply Shock,w_example_55.json,104
12/02/2023 14:22:58,Russia,['Oil'],No Change,1.0,Petroleum,Oil Supply Shock,w_example_55.json,104
12/02/2023 14:22:58,Russia,['Oil'],No Change,1.0,Petroleum,Oil Supply Shock,w_example_55.json,104
12/02/2023 14:22:58,Japan,No Change,['Vehicles'],1.0,Cars,Oil Supply Shock,w_example_55.json,104
12/02/2023 14:24:04,Nigeria,['Oil'],No Change,1.0,Petroleum,Oil Supply Shock,w_example_55.json,105
12/02/2023 14:24:04,Russia,['Oil'],No Change,1.0,Petroleum,Oil Supply Shock,w_example_55.json,105
12/02/2023 14:24:04,Russia,['Oil'],No Change,1.0,Petroleum,Oil Supply Shock,w_example_55.json,105
12/02/2023 14:24:04,Japan,No Change,['Vehicles'],1.0,Cars,Oil Supply Shock,w_example_55.json,105
12/02/2023 14:25:08,Nigeria,['Oil'],No Change,1.0,Petroleum,Oil Supply Shock,w_example_55.json,106
12/02/2023 14:25:08,Russia,['Oil'],No Change,1.0,Petroleum,Oil Supply Shock,w_example_55.json,106
12/02/2023 14:25:08,Russia,['Oil'],No Change,1.0,Petroleum,Oil Supply Shock,w_example_55.json,106
12/02/2023 14:25:08,Japan,No Change,['Vehicles'],1.0,Cars,Oil Supply Shock,w_example_55.json,106
12/02/2023 14:30:30,Russia,No Change,['Oil'],1.0,Petroleum,Cyber Warfare,w_example_58.json,111
12/02/2023 14:31:28,Russia,No Change,['Oil'],1.0,Petroleum,Cyber Warfare,w_example_58.json,112
12/02/2023 14:32:25,Russia,['Oil'],No Change,1.0,Petroleum,Oil Supply Shock,w_example_59.json,113
12/02/2023 14:33:19,Russia,['Oil'],No Change,1.0,Petroleum,Oil Supply Shock,w_example_59.json,114
12/02/2023 14:34:14,Russia,['Oil'],No Change,1.0,Petroleum,Oil Supply Shock,w_example_59.json,115
12/02/2023 14:38:21,Iraq,['Oil'],No Change,1.0,Petroleum,Oil Supply Shock,w_example_61.json,119
12/02/2023 14:38:21,Russia,No Change,['Oil'],1.0,Petroleum,Cyber Warfare,w_example_61.json,119
12/02/2023 14:38:21,Russia,No Change,['Oil'],1.0,Petroleum,Cyber Warfare,w_example_61.json,119
12/02/2023 14:39:19,Iraq,['Oil'],No Change,1.0,Petroleum,Oil Supply Shock,w_example_61.json,120
12/02/2023 14:39:19,Russia,No Change,['Oil'],1.0,Petroleum,Cyber Warfare,w_example_61.json,120
12/02/2023 14:39:19,Russia,No Change,['Oil'],1.0,Petroleum,Cyber Warfare,w_example_61.json,120
12/02/2023 14:40:15,Iraq,['Oil'],No Change,1.0,Petroleum,Oil Supply Shock,w_example_61.json,121
12/02/2023 14:40:15,Russia,No Change,['Oil'],1.0,Petroleum,Cyber Warfare,w_example_61.json,121
12/02/2023 14:40:15,Russia,No Change,['Oil'],1.0,Petroleum,Cyber Warfare,w_example_61.json,121
12/02/2023 14:41:12,Russia,['Oil'],No Change,1.0,Petroleum,Oil Supply Shock,w_example_62.json,122
12/02/2023 14:41:12,Ukraine,['Food'],No Change,1.0,Sun-Flower Seeds,US-China Relations,w_example_62.json,122
12/02/2023 14:42:13,Russia,['Oil'],No Change,1.0,Petroleum,Oil Supply Shock,w_example_62.json,123
12/02/2023 14:42:13,Ukraine,['Food'],No Change,1.0,Sun-Flower Seeds,US-China Relations,w_example_62.json,123
12/02/2023 14:43:16,Russia,['Oil'],No Change,1.0,Petroleum,Oil Supply Shock,w_example_63.json,124
12/02/2023 14:43:16,France,No Change,['Vehicles'],1.0,Airplanes,Oil Supply Shock,w_example_63.json,124
12/02/2023 14:43:16,Germany,No Change,['Vehicles'],1.0,Cars,Oil Supply Shock,w_example_63.json,124
12/02/2023 14:44:22,Russia,['Oil'],No Change,1.0,Petroleum,Oil Supply Shock,w_example_63.json,125
12/02/2023 14:44:22,France,No Change,['Vehicles'],1.0,Airplanes,Oil Supply Shock,w_example_63.json,125
12/02/2023 14:44:22,Germany,No Change,['Vehicles'],1.0,Cars,Oil Supply Shock,w_example_63.json,125
12/02/2023 14:45:27,Russia,No Change,['Oil'],1.0,Petroleum,US-China Relations,w_example_64.json,126
12/02/2023 14:46:27,Russia,No Change,['Oil'],1.0,Petroleum,US-China Relations,w_example_64.json,127
12/02/2023 14:51:35,Russia,['Oil'],No Change,1.0,Petroleum,Oil Supply Shock,w_example_67.json,132
12/02/2023 14:51:35,Iran,['Oil'],No Change,0.0,Petroleum,Oil Supply Shock,w_example_67.json,132
12/02/2023 14:52:33,Russia,['Oil'],No Change,1.0,Petroleum,Oil Supply Shock,w_example_67.json,133
12/02/2023 14:52:33,Iran,['Oil'],No Change,0.0,Petroleum,Oil Supply Shock,w_example_67.json,133
12/02/2023 14:53:46,Russia,['Oil'],No Change,1.0,Petroleum,Oil Supply Shock,w_example_67.json,134
12/02/2023 14:53:46,Iran,['Oil'],No Change,0.0,Petroleum,Oil Supply Shock,w_example_67.json,134
12/02/2023 15:13:02,U.S.,No Change,['Oil'],1.0,Petroleum,US-China Relations,w_example_76.json,153
12/02/2023 15:14:09,U.S.,No Change,['Oil'],1.0,Petroleum,US-China Relations,w_example_76.json,154
12/02/2023 15:21:11,Nicaragua,No Change,['Clothing'],0.0,T_Shirts,Goldstein Negative,w_example_80.json,159
12/02/2023 15:22:48,Nicaragua,No Change,['Clothing'],0.0,T_Shirts,Goldstein Negative,w_example_80.json,160
12/02/2023 15:24:16,Nicaragua,['Clothing'],No Change,0.0,T_Shirts,Goldstein Positive,w_example_81.json,161
12/02/2023 15:24:16,Ukraine,['Food'],No Change,1.0,Sun-Flower Seeds,US-China Relations,w_example_81.json,161
12/02/2023 15:28:19,Russia,No Change,['Oil'],1.0,Petroleum,US-China Relations,w_example_83.json,164
12/02/2023 15:29:31,Russia,No Change,['Oil'],1.0,Petroleum,US-China Relations,w_example_83.json,165
