,24,25,Topic_label
0,0.06784414577327018,0.19704683644238005,"['""aid""', '""Ukrainian""', '""European""', '""euro""', '""destination""']"
1,0.08693277637272905,0.09596518281498982,"['""Ukrainian""', '""war""', '""invasion""', '""Russian""', '""come""']"
2,0.1039339778145307,0.07734551038012626,"['""decide""', '""military""', '""Ukraine""', '""Russia""', '""cheese fries""']"
3,0.2033247412636715,0.04699422820093949,"['""hugodecrypt""', '""Russia""', '""military""', '""Ukraine""', '""throw""']"
4,0.08395046099363045,0.06461321260706224,"['""direct""', '""Ukraine""', '""offensive""', '""Russian""', '""in order_to obtain""']"
5,0.1617958533901359,0.10230669016203191,"['""invasion""', '""Ukraine""', '""military""', '""operation""', '""France""']"
6,0.0688239650457481,0.05593101566303891,"['""military""', '""Ukraine""', '""announce""', '""situation""', '""affr""']"
7,0.048710925880640216,0.05044088822924044,"['""Ukrainian""', '""info""', '""attacked""', '""bfmtv_alert""', '""denounces""']"
8,0.11169750891651795,0.15620102490649346,"['""military""', '""nato""', '""invasion""', '""country""', '""Ukraine""']"
9,0.06298563896289527,0.15315541599695134,"['""economic""', '""emmanuel macron""', '""policy""', '""consider""', '""thomaswieder""']"
