,24,25,Topic_label
0,0.08472530024195954,0.09499510572703611,"['""now""', '""not""', '""To Ukraine""', '""Ukraine""', '""political""']"
1,0.1110127143969797,0.1358509063720703,"['""military""', '""will be""', '""there is""', '""Our""', '""America is""']"
2,0.03544159650115527,0.37907239398219555,"['""Yoon Seok-yeol""', '""thing""', '""capital""', '""Background""', '""military alliance""']"
3,0.0940457324816789,0.037815818459179265,"['""grant""', '""About""', '""chart""', '""authority""', '""wasn\'t""']"
4,0.11414932998525307,0.03225345161339756,"['""Ukraine""', '""Russia""', '""military""', '""start""', '""ukraine""']"
5,0.10517751380414715,0.05697094831343884,"['""military""', '""whether""', '""to dispatch""', '""Ukraine""', '""russia""']"
6,0.05695632692716307,0.04518009153046833,"['""support""', '""military""', '""Ukraine""', '""russia""', '""force""']"
7,0.23311298381354692,0.05118196102682613,"['""mighty""', '""executive""', '""Congress""', '""than the problem""', '""granted""']"
8,0.09155446582981076,0.06882394127579718,"['""og""', '""to participate""', '""captain""', '""malpyo""', '""there is""']"
9,0.07382403326996466,0.0978553755600565,"['""Democratic Party""', '""russia""', '""president""', '""supported""', '""Russian""']"
