Time,Text_Loc_En,Export_Aff_Pos,Export_Aff_Neg,Top_Exporter,Specific_Good,Tag,File_name,Counter
22/05/2023 11:59:18,,,,0,,,,0
22/05/2023 12:14:09,Mexico,No Change,['Vehicles'],1.0,Cars,Oil Supply Shock,_example_0_2.json,0
22/05/2023 12:14:09,Mexico,No Change,['Vehicles'],1.0,Cars,Oil Supply Shock,_example_0_2.json,0
22/05/2023 12:14:09,Mexico,No Change,['Vehicles'],1.0,Cars,Oil Supply Shock,_example_0_2.json,0
22/05/2023 12:14:09,Mexico,No Change,['Vehicles'],1.0,Cars,Oil Supply Shock,_example_0_2.json,0
22/05/2023 12:14:09,Bolivia,No Change,['Oil'],0.0,Petroleum,US-China Relations,_example_0_2.json,0
22/05/2023 12:14:09,Bolivia,No Change,['Oil'],0.0,Petroleum,US-China Relations,_example_0_2.json,0
22/05/2023 12:14:09,Bolivia,No Change,['Oil'],0.0,Petroleum,US-China Relations,_example_0_2.json,0
22/05/2023 12:14:09,Bolivia,No Change,['Oil'],0.0,Petroleum,US-China Relations,_example_0_2.json,0
22/05/2023 12:15:13,Mexico,No Change,['Vehicles'],1.0,Cars,Oil Supply Shock,_example_0_2.json,1
22/05/2023 12:15:13,Mexico,No Change,['Vehicles'],1.0,Cars,Oil Supply Shock,_example_0_2.json,1
22/05/2023 12:15:13,Mexico,No Change,['Vehicles'],1.0,Cars,Oil Supply Shock,_example_0_2.json,1
22/05/2023 12:15:13,Mexico,No Change,['Vehicles'],1.0,Cars,Oil Supply Shock,_example_0_2.json,1
22/05/2023 12:15:13,Bolivia,No Change,['Oil'],0.0,Petroleum,US-China Relations,_example_0_2.json,1
22/05/2023 12:15:13,Bolivia,No Change,['Oil'],0.0,Petroleum,US-China Relations,_example_0_2.json,1
22/05/2023 12:15:13,Bolivia,No Change,['Oil'],0.0,Petroleum,US-China Relations,_example_0_2.json,1
22/05/2023 12:15:13,Bolivia,No Change,['Oil'],0.0,Petroleum,US-China Relations,_example_0_2.json,1
22/05/2023 12:16:00,Mexico,No Change,['Vehicles'],1.0,Cars,Oil Supply Shock,_example_0_2.json,2
22/05/2023 12:16:00,Mexico,No Change,['Vehicles'],1.0,Cars,Oil Supply Shock,_example_0_2.json,2
22/05/2023 12:16:00,Mexico,No Change,['Vehicles'],1.0,Cars,Oil Supply Shock,_example_0_2.json,2
22/05/2023 12:16:00,Mexico,No Change,['Vehicles'],1.0,Cars,Oil Supply Shock,_example_0_2.json,2
22/05/2023 12:16:00,Bolivia,No Change,['Oil'],0.0,Petroleum,US-China Relations,_example_0_2.json,2
22/05/2023 12:16:00,Bolivia,No Change,['Oil'],0.0,Petroleum,US-China Relations,_example_0_2.json,2
22/05/2023 12:16:00,Bolivia,No Change,['Oil'],0.0,Petroleum,US-China Relations,_example_0_2.json,2
22/05/2023 12:16:00,Bolivia,No Change,['Oil'],0.0,Petroleum,US-China Relations,_example_0_2.json,2
22/05/2023 12:16:50,Mexico,No Change,['Vehicles'],1.0,Cars,Oil Supply Shock,_example_0_2.json,3
22/05/2023 12:16:50,Mexico,No Change,['Vehicles'],1.0,Cars,Oil Supply Shock,_example_0_2.json,3
22/05/2023 12:16:50,Mexico,No Change,['Vehicles'],1.0,Cars,Oil Supply Shock,_example_0_2.json,3
22/05/2023 12:16:50,Mexico,No Change,['Vehicles'],1.0,Cars,Oil Supply Shock,_example_0_2.json,3
22/05/2023 12:16:50,Bolivia,No Change,['Oil'],0.0,Petroleum,US-China Relations,_example_0_2.json,3
22/05/2023 12:16:50,Bolivia,No Change,['Oil'],0.0,Petroleum,US-China Relations,_example_0_2.json,3
22/05/2023 12:16:50,Bolivia,No Change,['Oil'],0.0,Petroleum,US-China Relations,_example_0_2.json,3
22/05/2023 12:16:50,Bolivia,No Change,['Oil'],0.0,Petroleum,US-China Relations,_example_0_2.json,3
22/05/2023 12:17:43,Mexico,No Change,['Vehicles'],1.0,Cars,Oil Supply Shock,_example_0_2.json,4
22/05/2023 12:17:43,Mexico,No Change,['Vehicles'],1.0,Cars,Oil Supply Shock,_example_0_2.json,4
22/05/2023 12:17:43,Mexico,No Change,['Vehicles'],1.0,Cars,Oil Supply Shock,_example_0_2.json,4
22/05/2023 12:17:43,Mexico,No Change,['Vehicles'],1.0,Cars,Oil Supply Shock,_example_0_2.json,4
22/05/2023 12:17:43,Bolivia,No Change,['Oil'],0.0,Petroleum,US-China Relations,_example_0_2.json,4
22/05/2023 12:17:43,Bolivia,No Change,['Oil'],0.0,Petroleum,US-China Relations,_example_0_2.json,4
22/05/2023 12:17:43,Bolivia,No Change,['Oil'],0.0,Petroleum,US-China Relations,_example_0_2.json,4
22/05/2023 12:17:43,Bolivia,No Change,['Oil'],0.0,Petroleum,US-China Relations,_example_0_2.json,4
22/05/2023 12:18:36,Mexico,No Change,['Vehicles'],1.0,Cars,Oil Supply Shock,_example_0_2.json,5
22/05/2023 12:18:36,Mexico,No Change,['Vehicles'],1.0,Cars,Oil Supply Shock,_example_0_2.json,5
22/05/2023 12:18:36,Mexico,No Change,['Vehicles'],1.0,Cars,Oil Supply Shock,_example_0_2.json,5
22/05/2023 12:18:36,Mexico,No Change,['Vehicles'],1.0,Cars,Oil Supply Shock,_example_0_2.json,5
22/05/2023 12:18:36,Bolivia,No Change,['Oil'],0.0,Petroleum,US-China Relations,_example_0_2.json,5
22/05/2023 12:18:36,Bolivia,No Change,['Oil'],0.0,Petroleum,US-China Relations,_example_0_2.json,5
22/05/2023 12:18:36,Bolivia,No Change,['Oil'],0.0,Petroleum,US-China Relations,_example_0_2.json,5
22/05/2023 12:18:36,Bolivia,No Change,['Oil'],0.0,Petroleum,US-China Relations,_example_0_2.json,5
22/05/2023 12:19:29,Mexico,No Change,['Vehicles'],1.0,Cars,Oil Supply Shock,_example_0_2.json,6
22/05/2023 12:19:29,Mexico,No Change,['Vehicles'],1.0,Cars,Oil Supply Shock,_example_0_2.json,6
22/05/2023 12:19:29,Mexico,No Change,['Vehicles'],1.0,Cars,Oil Supply Shock,_example_0_2.json,6
22/05/2023 12:19:29,Mexico,No Change,['Vehicles'],1.0,Cars,Oil Supply Shock,_example_0_2.json,6
22/05/2023 12:19:29,Bolivia,No Change,['Oil'],0.0,Petroleum,US-China Relations,_example_0_2.json,6
22/05/2023 12:19:29,Bolivia,No Change,['Oil'],0.0,Petroleum,US-China Relations,_example_0_2.json,6
22/05/2023 12:19:29,Bolivia,No Change,['Oil'],0.0,Petroleum,US-China Relations,_example_0_2.json,6
22/05/2023 12:19:29,Bolivia,No Change,['Oil'],0.0,Petroleum,US-China Relations,_example_0_2.json,6
22/05/2023 12:20:22,Mexico,No Change,['Vehicles'],1.0,Cars,Oil Supply Shock,_example_1_2.json,7
22/05/2023 12:20:22,Mexico,No Change,['Vehicles'],1.0,Cars,Oil Supply Shock,_example_1_2.json,7
22/05/2023 12:20:22,Mexico,No Change,['Vehicles'],1.0,Cars,Oil Supply Shock,_example_1_2.json,7
22/05/2023 12:20:22,Mexico,No Change,['Vehicles'],1.0,Cars,Oil Supply Shock,_example_1_2.json,7
22/05/2023 12:20:22,Mexico,No Change,['Vehicles'],1.0,Cars,Oil Supply Shock,_example_1_2.json,7
22/05/2023 12:20:22,Bolivia,No Change,['Oil'],0.0,Petroleum,US-China Relations,_example_1_2.json,7
22/05/2023 12:21:15,Mexico,No Change,['Vehicles'],1.0,Cars,Oil Supply Shock,_example_1_2.json,8
22/05/2023 12:21:15,Mexico,No Change,['Vehicles'],1.0,Cars,Oil Supply Shock,_example_1_2.json,8
22/05/2023 12:21:15,Mexico,No Change,['Vehicles'],1.0,Cars,Oil Supply Shock,_example_1_2.json,8
22/05/2023 12:21:15,Mexico,No Change,['Vehicles'],1.0,Cars,Oil Supply Shock,_example_1_2.json,8
22/05/2023 12:21:15,Mexico,No Change,['Vehicles'],1.0,Cars,Oil Supply Shock,_example_1_2.json,8
22/05/2023 12:21:15,Bolivia,No Change,['Oil'],0.0,Petroleum,US-China Relations,_example_1_2.json,8
22/05/2023 12:22:02,Mexico,No Change,['Vehicles'],1.0,Cars,Oil Supply Shock,_example_1_2.json,9
22/05/2023 12:22:02,Mexico,No Change,['Vehicles'],1.0,Cars,Oil Supply Shock,_example_1_2.json,9
22/05/2023 12:22:02,Mexico,No Change,['Vehicles'],1.0,Cars,Oil Supply Shock,_example_1_2.json,9
22/05/2023 12:22:02,Mexico,No Change,['Vehicles'],1.0,Cars,Oil Supply Shock,_example_1_2.json,9
22/05/2023 12:22:02,Mexico,No Change,['Vehicles'],1.0,Cars,Oil Supply Shock,_example_1_2.json,9
22/05/2023 12:22:02,Bolivia,No Change,['Oil'],0.0,Petroleum,US-China Relations,_example_1_2.json,9
22/05/2023 12:22:50,Mexico,No Change,['Vehicles'],1.0,Cars,Oil Supply Shock,_example_1_2.json,10
22/05/2023 12:22:50,Mexico,No Change,['Vehicles'],1.0,Cars,Oil Supply Shock,_example_1_2.json,10
22/05/2023 12:22:50,Mexico,No Change,['Vehicles'],1.0,Cars,Oil Supply Shock,_example_1_2.json,10
22/05/2023 12:22:50,Mexico,No Change,['Vehicles'],1.0,Cars,Oil Supply Shock,_example_1_2.json,10
22/05/2023 12:22:50,Mexico,No Change,['Vehicles'],1.0,Cars,Oil Supply Shock,_example_1_2.json,10
22/05/2023 12:22:50,Bolivia,No Change,['Oil'],0.0,Petroleum,US-China Relations,_example_1_2.json,10
22/05/2023 12:23:39,Mexico,No Change,['Vehicles'],1.0,Cars,Oil Supply Shock,_example_1_2.json,11
22/05/2023 12:23:39,Mexico,No Change,['Vehicles'],1.0,Cars,Oil Supply Shock,_example_1_2.json,11
22/05/2023 12:23:39,Mexico,No Change,['Vehicles'],1.0,Cars,Oil Supply Shock,_example_1_2.json,11
22/05/2023 12:23:39,Mexico,No Change,['Vehicles'],1.0,Cars,Oil Supply Shock,_example_1_2.json,11
22/05/2023 12:23:39,Mexico,No Change,['Vehicles'],1.0,Cars,Oil Supply Shock,_example_1_2.json,11
22/05/2023 12:23:39,Bolivia,No Change,['Oil'],0.0,Petroleum,US-China Relations,_example_1_2.json,11
22/05/2023 12:24:29,Mexico,No Change,['Vehicles'],1.0,Cars,Oil Supply Shock,_example_1_2.json,12
22/05/2023 12:24:29,Mexico,No Change,['Vehicles'],1.0,Cars,Oil Supply Shock,_example_1_2.json,12
22/05/2023 12:24:29,Mexico,No Change,['Vehicles'],1.0,Cars,Oil Supply Shock,_example_1_2.json,12
22/05/2023 12:24:29,Mexico,No Change,['Vehicles'],1.0,Cars,Oil Supply Shock,_example_1_2.json,12
22/05/2023 12:24:29,Mexico,No Change,['Vehicles'],1.0,Cars,Oil Supply Shock,_example_1_2.json,12
22/05/2023 12:24:29,Bolivia,No Change,['Oil'],0.0,Petroleum,US-China Relations,_example_1_2.json,12
22/05/2023 12:25:19,Mexico,No Change,['Vehicles'],1.0,Cars,Oil Supply Shock,_example_1_2.json,13
22/05/2023 12:25:19,Mexico,No Change,['Vehicles'],1.0,Cars,Oil Supply Shock,_example_1_2.json,13
22/05/2023 12:25:19,Mexico,No Change,['Vehicles'],1.0,Cars,Oil Supply Shock,_example_1_2.json,13
22/05/2023 12:25:19,Mexico,No Change,['Vehicles'],1.0,Cars,Oil Supply Shock,_example_1_2.json,13
22/05/2023 12:25:19,Mexico,No Change,['Vehicles'],1.0,Cars,Oil Supply Shock,_example_1_2.json,13
22/05/2023 12:25:19,Bolivia,No Change,['Oil'],0.0,Petroleum,US-China Relations,_example_1_2.json,13
22/05/2023 12:26:09,Mexico,No Change,['Vehicles'],1.0,Cars,Oil Supply Shock,_example_1_2.json,14
22/05/2023 12:26:09,Mexico,No Change,['Vehicles'],1.0,Cars,Oil Supply Shock,_example_1_2.json,14
22/05/2023 12:26:09,Mexico,No Change,['Vehicles'],1.0,Cars,Oil Supply Shock,_example_1_2.json,14
22/05/2023 12:26:09,Mexico,No Change,['Vehicles'],1.0,Cars,Oil Supply Shock,_example_1_2.json,14
22/05/2023 12:26:09,Mexico,No Change,['Vehicles'],1.0,Cars,Oil Supply Shock,_example_1_2.json,14
22/05/2023 12:26:09,Bolivia,No Change,['Oil'],0.0,Petroleum,US-China Relations,_example_1_2.json,14
22/05/2023 12:27:00,Mexico,No Change,['Vehicles'],1.0,Cars,Oil Supply Shock,_example_2_2.json,15
22/05/2023 12:27:00,Mexico,No Change,['Vehicles'],1.0,Cars,Oil Supply Shock,_example_2_2.json,15
22/05/2023 12:27:00,Mexico,No Change,['Vehicles'],1.0,Cars,Oil Supply Shock,_example_2_2.json,15
22/05/2023 12:27:00,Bolivia,No Change,['Oil'],0.0,Petroleum,US-China Relations,_example_2_2.json,15
22/05/2023 12:28:12,Mexico,No Change,['Vehicles'],1.0,Cars,Oil Supply Shock,_example_2_2.json,16
22/05/2023 12:28:12,Mexico,No Change,['Vehicles'],1.0,Cars,Oil Supply Shock,_example_2_2.json,16
22/05/2023 12:28:12,Mexico,No Change,['Vehicles'],1.0,Cars,Oil Supply Shock,_example_2_2.json,16
22/05/2023 12:28:12,Bolivia,No Change,['Oil'],0.0,Petroleum,US-China Relations,_example_2_2.json,16
22/05/2023 12:29:05,Mexico,No Change,['Vehicles'],1.0,Cars,Oil Supply Shock,_example_2_2.json,17
22/05/2023 12:29:05,Mexico,No Change,['Vehicles'],1.0,Cars,Oil Supply Shock,_example_2_2.json,17
22/05/2023 12:29:05,Mexico,No Change,['Vehicles'],1.0,Cars,Oil Supply Shock,_example_2_2.json,17
22/05/2023 12:29:05,Bolivia,No Change,['Oil'],0.0,Petroleum,US-China Relations,_example_2_2.json,17
22/05/2023 12:29:59,Mexico,No Change,['Vehicles'],1.0,Cars,Oil Supply Shock,_example_2_2.json,18
22/05/2023 12:29:59,Mexico,No Change,['Vehicles'],1.0,Cars,Oil Supply Shock,_example_2_2.json,18
22/05/2023 12:29:59,Mexico,No Change,['Vehicles'],1.0,Cars,Oil Supply Shock,_example_2_2.json,18
22/05/2023 12:29:59,Bolivia,No Change,['Oil'],0.0,Petroleum,US-China Relations,_example_2_2.json,18
22/05/2023 12:30:53,Mexico,No Change,['Vehicles'],1.0,Cars,Oil Supply Shock,_example_2_2.json,19
22/05/2023 12:30:53,Mexico,No Change,['Vehicles'],1.0,Cars,Oil Supply Shock,_example_2_2.json,19
22/05/2023 12:30:53,Mexico,No Change,['Vehicles'],1.0,Cars,Oil Supply Shock,_example_2_2.json,19
22/05/2023 12:30:53,Bolivia,No Change,['Oil'],0.0,Petroleum,US-China Relations,_example_2_2.json,19
22/05/2023 12:31:51,Mexico,No Change,['Vehicles'],1.0,Cars,Oil Supply Shock,_example_3_2.json,20
22/05/2023 12:31:51,Mexico,No Change,['Vehicles'],1.0,Cars,Oil Supply Shock,_example_3_2.json,20
22/05/2023 12:31:51,Bolivia,No Change,['Oil'],0.0,Petroleum,US-China Relations,_example_3_2.json,20
22/05/2023 12:31:51,Mexico,No Change,['Vehicles'],1.0,Cars,Oil Supply Shock,_example_3_2.json,20
22/05/2023 12:31:51,Mexico,No Change,['Vehicles'],1.0,Cars,Oil Supply Shock,_example_3_2.json,20
22/05/2023 12:31:51,Bolivia,No Change,['Oil'],0.0,Petroleum,US-China Relations,_example_3_2.json,20
22/05/2023 12:31:51,Bolivia,No Change,['Oil'],0.0,Petroleum,US-China Relations,_example_3_2.json,20
22/05/2023 12:31:51,Mexico,No Change,['Vehicles'],1.0,Cars,Oil Supply Shock,_example_3_2.json,20
22/05/2023 12:31:51,Bolivia,No Change,['Oil'],0.0,Petroleum,US-China Relations,_example_3_2.json,20
22/05/2023 12:31:51,Bolivia,No Change,['Oil'],0.0,Petroleum,US-China Relations,_example_3_2.json,20
22/05/2023 12:33:02,Mexico,No Change,['Vehicles'],1.0,Cars,Oil Supply Shock,_example_3_2.json,21
22/05/2023 12:33:02,Mexico,No Change,['Vehicles'],1.0,Cars,Oil Supply Shock,_example_3_2.json,21
22/05/2023 12:33:02,Bolivia,No Change,['Oil'],0.0,Petroleum,US-China Relations,_example_3_2.json,21
22/05/2023 12:33:02,Mexico,No Change,['Vehicles'],1.0,Cars,Oil Supply Shock,_example_3_2.json,21
22/05/2023 12:33:02,Mexico,No Change,['Vehicles'],1.0,Cars,Oil Supply Shock,_example_3_2.json,21
22/05/2023 12:33:02,Bolivia,No Change,['Oil'],0.0,Petroleum,US-China Relations,_example_3_2.json,21
22/05/2023 12:33:02,Bolivia,No Change,['Oil'],0.0,Petroleum,US-China Relations,_example_3_2.json,21
22/05/2023 12:33:02,Mexico,No Change,['Vehicles'],1.0,Cars,Oil Supply Shock,_example_3_2.json,21
22/05/2023 12:33:02,Bolivia,No Change,['Oil'],0.0,Petroleum,US-China Relations,_example_3_2.json,21
22/05/2023 12:33:02,Bolivia,No Change,['Oil'],0.0,Petroleum,US-China Relations,_example_3_2.json,21
22/05/2023 12:33:54,Mexico,No Change,['Vehicles'],1.0,Cars,Oil Supply Shock,_example_3_2.json,22
22/05/2023 12:33:54,Mexico,No Change,['Vehicles'],1.0,Cars,Oil Supply Shock,_example_3_2.json,22
22/05/2023 12:33:54,Bolivia,No Change,['Oil'],0.0,Petroleum,US-China Relations,_example_3_2.json,22
22/05/2023 12:33:54,Mexico,No Change,['Vehicles'],1.0,Cars,Oil Supply Shock,_example_3_2.json,22
22/05/2023 12:33:54,Mexico,No Change,['Vehicles'],1.0,Cars,Oil Supply Shock,_example_3_2.json,22
22/05/2023 12:33:54,Bolivia,No Change,['Oil'],0.0,Petroleum,US-China Relations,_example_3_2.json,22
22/05/2023 12:33:54,Bolivia,No Change,['Oil'],0.0,Petroleum,US-China Relations,_example_3_2.json,22
22/05/2023 12:33:54,Mexico,No Change,['Vehicles'],1.0,Cars,Oil Supply Shock,_example_3_2.json,22
22/05/2023 12:33:54,Bolivia,No Change,['Oil'],0.0,Petroleum,US-China Relations,_example_3_2.json,22
22/05/2023 12:33:54,Bolivia,No Change,['Oil'],0.0,Petroleum,US-China Relations,_example_3_2.json,22
22/05/2023 12:34:51,Mexico,No Change,['Vehicles'],1.0,Cars,Oil Supply Shock,_example_3_2.json,23
22/05/2023 12:34:51,Mexico,No Change,['Vehicles'],1.0,Cars,Oil Supply Shock,_example_3_2.json,23
22/05/2023 12:34:51,Bolivia,No Change,['Oil'],0.0,Petroleum,US-China Relations,_example_3_2.json,23
22/05/2023 12:34:51,Mexico,No Change,['Vehicles'],1.0,Cars,Oil Supply Shock,_example_3_2.json,23
22/05/2023 12:34:51,Mexico,No Change,['Vehicles'],1.0,Cars,Oil Supply Shock,_example_3_2.json,23
22/05/2023 12:34:51,Bolivia,No Change,['Oil'],0.0,Petroleum,US-China Relations,_example_3_2.json,23
22/05/2023 12:34:51,Bolivia,No Change,['Oil'],0.0,Petroleum,US-China Relations,_example_3_2.json,23
22/05/2023 12:34:51,Mexico,No Change,['Vehicles'],1.0,Cars,Oil Supply Shock,_example_3_2.json,23
22/05/2023 12:34:51,Bolivia,No Change,['Oil'],0.0,Petroleum,US-China Relations,_example_3_2.json,23
22/05/2023 12:34:51,Bolivia,No Change,['Oil'],0.0,Petroleum,US-China Relations,_example_3_2.json,23
22/05/2023 12:35:44,Mexico,No Change,['Vehicles'],1.0,Cars,Oil Supply Shock,_example_3_2.json,24
22/05/2023 12:35:44,Mexico,No Change,['Vehicles'],1.0,Cars,Oil Supply Shock,_example_3_2.json,24
22/05/2023 12:35:44,Bolivia,No Change,['Oil'],0.0,Petroleum,US-China Relations,_example_3_2.json,24
22/05/2023 12:35:44,Mexico,No Change,['Vehicles'],1.0,Cars,Oil Supply Shock,_example_3_2.json,24
22/05/2023 12:35:44,Mexico,No Change,['Vehicles'],1.0,Cars,Oil Supply Shock,_example_3_2.json,24
22/05/2023 12:35:44,Bolivia,No Change,['Oil'],0.0,Petroleum,US-China Relations,_example_3_2.json,24
22/05/2023 12:35:44,Bolivia,No Change,['Oil'],0.0,Petroleum,US-China Relations,_example_3_2.json,24
22/05/2023 12:35:44,Mexico,No Change,['Vehicles'],1.0,Cars,Oil Supply Shock,_example_3_2.json,24
22/05/2023 12:35:44,Bolivia,No Change,['Oil'],0.0,Petroleum,US-China Relations,_example_3_2.json,24
22/05/2023 12:35:44,Bolivia,No Change,['Oil'],0.0,Petroleum,US-China Relations,_example_3_2.json,24
22/05/2023 12:36:37,Mexico,No Change,['Vehicles'],1.0,Cars,Oil Supply Shock,_example_3_2.json,25
22/05/2023 12:36:37,Mexico,No Change,['Vehicles'],1.0,Cars,Oil Supply Shock,_example_3_2.json,25
22/05/2023 12:36:37,Bolivia,No Change,['Oil'],0.0,Petroleum,US-China Relations,_example_3_2.json,25
22/05/2023 12:36:37,Mexico,No Change,['Vehicles'],1.0,Cars,Oil Supply Shock,_example_3_2.json,25
22/05/2023 12:36:37,Mexico,No Change,['Vehicles'],1.0,Cars,Oil Supply Shock,_example_3_2.json,25
22/05/2023 12:36:37,Bolivia,No Change,['Oil'],0.0,Petroleum,US-China Relations,_example_3_2.json,25
22/05/2023 12:36:37,Bolivia,No Change,['Oil'],0.0,Petroleum,US-China Relations,_example_3_2.json,25
22/05/2023 12:36:37,Mexico,No Change,['Vehicles'],1.0,Cars,Oil Supply Shock,_example_3_2.json,25
22/05/2023 12:36:37,Bolivia,No Change,['Oil'],0.0,Petroleum,US-China Relations,_example_3_2.json,25
22/05/2023 12:36:37,Bolivia,No Change,['Oil'],0.0,Petroleum,US-China Relations,_example_3_2.json,25
22/05/2023 12:37:30,Mexico,No Change,['Vehicles'],1.0,Cars,Oil Supply Shock,_example_4_2.json,26
22/05/2023 12:37:30,Russia,['Oil'],No Change,1.0,Petroleum,Oil Supply Shock,_example_4_2.json,26
22/05/2023 12:37:30,Russia,['Oil'],No Change,1.0,Petroleum,Oil Supply Shock,_example_4_2.json,26
22/05/2023 12:37:30,Mexico,No Change,['Vehicles'],1.0,Cars,Oil Supply Shock,_example_4_2.json,26
22/05/2023 12:38:35,Mexico,No Change,['Vehicles'],1.0,Cars,Oil Supply Shock,_example_4_2.json,27
22/05/2023 12:38:35,Russia,['Oil'],No Change,1.0,Petroleum,Oil Supply Shock,_example_4_2.json,27
22/05/2023 12:38:35,Russia,['Oil'],No Change,1.0,Petroleum,Oil Supply Shock,_example_4_2.json,27
22/05/2023 12:38:35,Mexico,No Change,['Vehicles'],1.0,Cars,Oil Supply Shock,_example_4_2.json,27
22/05/2023 12:39:33,Mexico,No Change,['Vehicles'],1.0,Cars,Oil Supply Shock,_example_4_2.json,28
22/05/2023 12:39:33,Russia,['Oil'],No Change,1.0,Petroleum,Oil Supply Shock,_example_4_2.json,28
22/05/2023 12:39:33,Russia,['Oil'],No Change,1.0,Petroleum,Oil Supply Shock,_example_4_2.json,28
22/05/2023 12:39:33,Mexico,No Change,['Vehicles'],1.0,Cars,Oil Supply Shock,_example_4_2.json,28
22/05/2023 12:40:30,Mexico,No Change,['Vehicles'],1.0,Cars,Oil Supply Shock,_example_4_2.json,29
22/05/2023 12:40:30,Russia,['Oil'],No Change,1.0,Petroleum,Oil Supply Shock,_example_4_2.json,29
22/05/2023 12:40:30,Russia,['Oil'],No Change,1.0,Petroleum,Oil Supply Shock,_example_4_2.json,29
22/05/2023 12:40:30,Mexico,No Change,['Vehicles'],1.0,Cars,Oil Supply Shock,_example_4_2.json,29
22/05/2023 12:41:27,Mexico,No Change,['Vehicles'],1.0,Cars,Oil Supply Shock,_example_4_2.json,30
22/05/2023 12:41:27,Russia,['Oil'],No Change,1.0,Petroleum,Oil Supply Shock,_example_4_2.json,30
22/05/2023 12:41:27,Russia,['Oil'],No Change,1.0,Petroleum,Oil Supply Shock,_example_4_2.json,30
22/05/2023 12:41:27,Mexico,No Change,['Vehicles'],1.0,Cars,Oil Supply Shock,_example_4_2.json,30
22/05/2023 12:42:25,Mexico,No Change,['Vehicles'],1.0,Cars,Oil Supply Shock,_example_4_2.json,31
22/05/2023 12:42:25,Russia,['Oil'],No Change,1.0,Petroleum,Oil Supply Shock,_example_4_2.json,31
22/05/2023 12:42:25,Russia,['Oil'],No Change,1.0,Petroleum,Oil Supply Shock,_example_4_2.json,31
22/05/2023 12:42:25,Mexico,No Change,['Vehicles'],1.0,Cars,Oil Supply Shock,_example_4_2.json,31
22/05/2023 12:43:22,Mexico,No Change,['Vehicles'],1.0,Cars,Oil Supply Shock,_example_4_2.json,32
22/05/2023 12:43:22,Russia,['Oil'],No Change,1.0,Petroleum,Oil Supply Shock,_example_4_2.json,32
22/05/2023 12:43:22,Russia,['Oil'],No Change,1.0,Petroleum,Oil Supply Shock,_example_4_2.json,32
22/05/2023 12:43:22,Mexico,No Change,['Vehicles'],1.0,Cars,Oil Supply Shock,_example_4_2.json,32
22/05/2023 12:44:19,Russia,['Oil'],No Change,1.0,Petroleum,Oil Supply Shock,_example_5_2.json,33
22/05/2023 12:44:19,Bolivia,No Change,['Oil'],0.0,Petroleum,US-China Relations,_example_5_2.json,33
22/05/2023 12:44:19,Mexico,No Change,['Vehicles'],1.0,Cars,Oil Supply Shock,_example_5_2.json,33
22/05/2023 12:44:19,Mexico,No Change,['Vehicles'],1.0,Cars,Oil Supply Shock,_example_5_2.json,33
22/05/2023 12:44:19,Mexico,No Change,['Vehicles'],1.0,Cars,Oil Supply Shock,_example_5_2.json,33
22/05/2023 12:44:19,Mexico,No Change,['Vehicles'],1.0,Cars,Oil Supply Shock,_example_5_2.json,33
22/05/2023 12:44:19,Bolivia,No Change,['Oil'],0.0,Petroleum,US-China Relations,_example_5_2.json,33
22/05/2023 12:44:19,Bolivia,No Change,['Oil'],0.0,Petroleum,US-China Relations,_example_5_2.json,33
22/05/2023 12:44:19,Bolivia,No Change,['Oil'],0.0,Petroleum,US-China Relations,_example_5_2.json,33
22/05/2023 12:44:19,Mexico,No Change,['Vehicles'],1.0,Cars,Oil Supply Shock,_example_5_2.json,33
22/05/2023 12:44:19,Mexico,No Change,['Vehicles'],1.0,Cars,Oil Supply Shock,_example_5_2.json,33
22/05/2023 12:44:19,Bolivia,No Change,['Oil'],0.0,Petroleum,US-China Relations,_example_5_2.json,33
22/05/2023 12:45:30,Russia,['Oil'],No Change,1.0,Petroleum,Oil Supply Shock,_example_5_2.json,34
22/05/2023 12:45:30,Bolivia,No Change,['Oil'],0.0,Petroleum,US-China Relations,_example_5_2.json,34
22/05/2023 12:45:30,Mexico,No Change,['Vehicles'],1.0,Cars,Oil Supply Shock,_example_5_2.json,34
22/05/2023 12:45:30,Mexico,No Change,['Vehicles'],1.0,Cars,Oil Supply Shock,_example_5_2.json,34
22/05/2023 12:45:30,Mexico,No Change,['Vehicles'],1.0,Cars,Oil Supply Shock,_example_5_2.json,34
22/05/2023 12:45:30,Mexico,No Change,['Vehicles'],1.0,Cars,Oil Supply Shock,_example_5_2.json,34
22/05/2023 12:45:30,Bolivia,No Change,['Oil'],0.0,Petroleum,US-China Relations,_example_5_2.json,34
22/05/2023 12:45:30,Bolivia,No Change,['Oil'],0.0,Petroleum,US-China Relations,_example_5_2.json,34
22/05/2023 12:45:30,Bolivia,No Change,['Oil'],0.0,Petroleum,US-China Relations,_example_5_2.json,34
22/05/2023 12:45:30,Mexico,No Change,['Vehicles'],1.0,Cars,Oil Supply Shock,_example_5_2.json,34
22/05/2023 12:45:30,Mexico,No Change,['Vehicles'],1.0,Cars,Oil Supply Shock,_example_5_2.json,34
22/05/2023 12:45:30,Bolivia,No Change,['Oil'],0.0,Petroleum,US-China Relations,_example_5_2.json,34
22/05/2023 12:46:27,Russia,['Oil'],No Change,1.0,Petroleum,Oil Supply Shock,_example_5_2.json,35
22/05/2023 12:46:27,Bolivia,No Change,['Oil'],0.0,Petroleum,US-China Relations,_example_5_2.json,35
22/05/2023 12:46:27,Mexico,No Change,['Vehicles'],1.0,Cars,Oil Supply Shock,_example_5_2.json,35
22/05/2023 12:46:27,Mexico,No Change,['Vehicles'],1.0,Cars,Oil Supply Shock,_example_5_2.json,35
22/05/2023 12:46:27,Mexico,No Change,['Vehicles'],1.0,Cars,Oil Supply Shock,_example_5_2.json,35
22/05/2023 12:46:27,Mexico,No Change,['Vehicles'],1.0,Cars,Oil Supply Shock,_example_5_2.json,35
22/05/2023 12:46:27,Bolivia,No Change,['Oil'],0.0,Petroleum,US-China Relations,_example_5_2.json,35
22/05/2023 12:46:27,Bolivia,No Change,['Oil'],0.0,Petroleum,US-China Relations,_example_5_2.json,35
22/05/2023 12:46:27,Bolivia,No Change,['Oil'],0.0,Petroleum,US-China Relations,_example_5_2.json,35
22/05/2023 12:46:27,Mexico,No Change,['Vehicles'],1.0,Cars,Oil Supply Shock,_example_5_2.json,35
22/05/2023 12:46:27,Mexico,No Change,['Vehicles'],1.0,Cars,Oil Supply Shock,_example_5_2.json,35
22/05/2023 12:46:27,Bolivia,No Change,['Oil'],0.0,Petroleum,US-China Relations,_example_5_2.json,35
22/05/2023 12:47:23,Russia,['Oil'],No Change,1.0,Petroleum,Oil Supply Shock,_example_5_2.json,36
22/05/2023 12:47:23,Bolivia,No Change,['Oil'],0.0,Petroleum,US-China Relations,_example_5_2.json,36
22/05/2023 12:47:23,Mexico,No Change,['Vehicles'],1.0,Cars,Oil Supply Shock,_example_5_2.json,36
22/05/2023 12:47:23,Mexico,No Change,['Vehicles'],1.0,Cars,Oil Supply Shock,_example_5_2.json,36
22/05/2023 12:47:23,Mexico,No Change,['Vehicles'],1.0,Cars,Oil Supply Shock,_example_5_2.json,36
22/05/2023 12:47:23,Mexico,No Change,['Vehicles'],1.0,Cars,Oil Supply Shock,_example_5_2.json,36
22/05/2023 12:47:23,Bolivia,No Change,['Oil'],0.0,Petroleum,US-China Relations,_example_5_2.json,36
22/05/2023 12:47:23,Bolivia,No Change,['Oil'],0.0,Petroleum,US-China Relations,_example_5_2.json,36
22/05/2023 12:47:23,Bolivia,No Change,['Oil'],0.0,Petroleum,US-China Relations,_example_5_2.json,36
22/05/2023 12:47:23,Mexico,No Change,['Vehicles'],1.0,Cars,Oil Supply Shock,_example_5_2.json,36
22/05/2023 12:47:23,Mexico,No Change,['Vehicles'],1.0,Cars,Oil Supply Shock,_example_5_2.json,36
22/05/2023 12:47:23,Bolivia,No Change,['Oil'],0.0,Petroleum,US-China Relations,_example_5_2.json,36
22/05/2023 12:48:21,Russia,['Oil'],No Change,1.0,Petroleum,Oil Supply Shock,_example_5_2.json,37
22/05/2023 12:48:21,Bolivia,No Change,['Oil'],0.0,Petroleum,US-China Relations,_example_5_2.json,37
22/05/2023 12:48:21,Mexico,No Change,['Vehicles'],1.0,Cars,Oil Supply Shock,_example_5_2.json,37
22/05/2023 12:48:21,Mexico,No Change,['Vehicles'],1.0,Cars,Oil Supply Shock,_example_5_2.json,37
22/05/2023 12:48:21,Mexico,No Change,['Vehicles'],1.0,Cars,Oil Supply Shock,_example_5_2.json,37
22/05/2023 12:48:21,Mexico,No Change,['Vehicles'],1.0,Cars,Oil Supply Shock,_example_5_2.json,37
22/05/2023 12:48:21,Bolivia,No Change,['Oil'],0.0,Petroleum,US-China Relations,_example_5_2.json,37
22/05/2023 12:48:21,Bolivia,No Change,['Oil'],0.0,Petroleum,US-China Relations,_example_5_2.json,37
22/05/2023 12:48:21,Bolivia,No Change,['Oil'],0.0,Petroleum,US-China Relations,_example_5_2.json,37
22/05/2023 12:48:21,Mexico,No Change,['Vehicles'],1.0,Cars,Oil Supply Shock,_example_5_2.json,37
22/05/2023 12:48:21,Mexico,No Change,['Vehicles'],1.0,Cars,Oil Supply Shock,_example_5_2.json,37
22/05/2023 12:48:21,Bolivia,No Change,['Oil'],0.0,Petroleum,US-China Relations,_example_5_2.json,37
22/05/2023 12:49:17,Bolivia,No Change,['Oil'],0.0,Petroleum,US-China Relations,_example_6_2.json,38
22/05/2023 12:49:17,Mexico,No Change,['Vehicles'],1.0,Cars,Oil Supply Shock,_example_6_2.json,38
22/05/2023 12:49:17,Mexico,No Change,['Vehicles'],1.0,Cars,Oil Supply Shock,_example_6_2.json,38
22/05/2023 12:49:17,Bolivia,No Change,['Oil'],0.0,Petroleum,US-China Relations,_example_6_2.json,38
22/05/2023 12:49:17,Mexico,No Change,['Vehicles'],1.0,Cars,Oil Supply Shock,_example_6_2.json,38
22/05/2023 12:49:17,Mexico,No Change,['Vehicles'],1.0,Cars,Oil Supply Shock,_example_6_2.json,38
22/05/2023 12:49:17,Bolivia,No Change,['Oil'],0.0,Petroleum,US-China Relations,_example_6_2.json,38
22/05/2023 12:49:17,Mexico,No Change,['Vehicles'],1.0,Cars,Oil Supply Shock,_example_6_2.json,38
22/05/2023 12:49:17,Bolivia,No Change,['Oil'],0.0,Petroleum,US-China Relations,_example_6_2.json,38
22/05/2023 12:49:17,Mexico,No Change,['Vehicles'],1.0,Cars,Oil Supply Shock,_example_6_2.json,38
22/05/2023 12:50:21,Bolivia,No Change,['Oil'],0.0,Petroleum,US-China Relations,_example_6_2.json,39
22/05/2023 12:50:21,Mexico,No Change,['Vehicles'],1.0,Cars,Oil Supply Shock,_example_6_2.json,39
22/05/2023 12:50:21,Mexico,No Change,['Vehicles'],1.0,Cars,Oil Supply Shock,_example_6_2.json,39
22/05/2023 12:50:21,Bolivia,No Change,['Oil'],0.0,Petroleum,US-China Relations,_example_6_2.json,39
22/05/2023 12:50:21,Mexico,No Change,['Vehicles'],1.0,Cars,Oil Supply Shock,_example_6_2.json,39
22/05/2023 12:50:21,Mexico,No Change,['Vehicles'],1.0,Cars,Oil Supply Shock,_example_6_2.json,39
22/05/2023 12:50:21,Bolivia,No Change,['Oil'],0.0,Petroleum,US-China Relations,_example_6_2.json,39
22/05/2023 12:50:21,Mexico,No Change,['Vehicles'],1.0,Cars,Oil Supply Shock,_example_6_2.json,39
22/05/2023 12:50:21,Bolivia,No Change,['Oil'],0.0,Petroleum,US-China Relations,_example_6_2.json,39
22/05/2023 12:50:21,Mexico,No Change,['Vehicles'],1.0,Cars,Oil Supply Shock,_example_6_2.json,39
22/05/2023 12:51:18,Bolivia,No Change,['Oil'],0.0,Petroleum,US-China Relations,_example_6_2.json,40
22/05/2023 12:51:18,Mexico,No Change,['Vehicles'],1.0,Cars,Oil Supply Shock,_example_6_2.json,40
22/05/2023 12:51:18,Mexico,No Change,['Vehicles'],1.0,Cars,Oil Supply Shock,_example_6_2.json,40
22/05/2023 12:51:18,Bolivia,No Change,['Oil'],0.0,Petroleum,US-China Relations,_example_6_2.json,40
22/05/2023 12:51:18,Mexico,No Change,['Vehicles'],1.0,Cars,Oil Supply Shock,_example_6_2.json,40
22/05/2023 12:51:18,Mexico,No Change,['Vehicles'],1.0,Cars,Oil Supply Shock,_example_6_2.json,40
22/05/2023 12:51:18,Bolivia,No Change,['Oil'],0.0,Petroleum,US-China Relations,_example_6_2.json,40
22/05/2023 12:51:18,Mexico,No Change,['Vehicles'],1.0,Cars,Oil Supply Shock,_example_6_2.json,40
22/05/2023 12:51:18,Bolivia,No Change,['Oil'],0.0,Petroleum,US-China Relations,_example_6_2.json,40
22/05/2023 12:51:18,Mexico,No Change,['Vehicles'],1.0,Cars,Oil Supply Shock,_example_6_2.json,40
22/05/2023 12:52:15,Bolivia,No Change,['Oil'],0.0,Petroleum,US-China Relations,_example_6_2.json,41
22/05/2023 12:52:15,Mexico,No Change,['Vehicles'],1.0,Cars,Oil Supply Shock,_example_6_2.json,41
22/05/2023 12:52:15,Mexico,No Change,['Vehicles'],1.0,Cars,Oil Supply Shock,_example_6_2.json,41
22/05/2023 12:52:15,Bolivia,No Change,['Oil'],0.0,Petroleum,US-China Relations,_example_6_2.json,41
22/05/2023 12:52:15,Mexico,No Change,['Vehicles'],1.0,Cars,Oil Supply Shock,_example_6_2.json,41
22/05/2023 12:52:15,Mexico,No Change,['Vehicles'],1.0,Cars,Oil Supply Shock,_example_6_2.json,41
22/05/2023 12:52:15,Bolivia,No Change,['Oil'],0.0,Petroleum,US-China Relations,_example_6_2.json,41
22/05/2023 12:52:15,Mexico,No Change,['Vehicles'],1.0,Cars,Oil Supply Shock,_example_6_2.json,41
22/05/2023 12:52:15,Bolivia,No Change,['Oil'],0.0,Petroleum,US-China Relations,_example_6_2.json,41
22/05/2023 12:52:15,Mexico,No Change,['Vehicles'],1.0,Cars,Oil Supply Shock,_example_6_2.json,41
22/05/2023 12:53:13,Bolivia,No Change,['Oil'],0.0,Petroleum,US-China Relations,_example_6_2.json,42
22/05/2023 12:53:13,Mexico,No Change,['Vehicles'],1.0,Cars,Oil Supply Shock,_example_6_2.json,42
22/05/2023 12:53:13,Mexico,No Change,['Vehicles'],1.0,Cars,Oil Supply Shock,_example_6_2.json,42
22/05/2023 12:53:13,Bolivia,No Change,['Oil'],0.0,Petroleum,US-China Relations,_example_6_2.json,42
22/05/2023 12:53:13,Mexico,No Change,['Vehicles'],1.0,Cars,Oil Supply Shock,_example_6_2.json,42
22/05/2023 12:53:13,Mexico,No Change,['Vehicles'],1.0,Cars,Oil Supply Shock,_example_6_2.json,42
22/05/2023 12:53:13,Bolivia,No Change,['Oil'],0.0,Petroleum,US-China Relations,_example_6_2.json,42
22/05/2023 12:53:13,Mexico,No Change,['Vehicles'],1.0,Cars,Oil Supply Shock,_example_6_2.json,42
22/05/2023 12:53:13,Bolivia,No Change,['Oil'],0.0,Petroleum,US-China Relations,_example_6_2.json,42
22/05/2023 12:53:13,Mexico,No Change,['Vehicles'],1.0,Cars,Oil Supply Shock,_example_6_2.json,42
22/05/2023 12:54:10,Bolivia,No Change,['Oil'],0.0,Petroleum,US-China Relations,_example_7_2.json,43
22/05/2023 12:54:10,Mexico,No Change,['Vehicles'],1.0,Cars,Oil Supply Shock,_example_7_2.json,43
22/05/2023 12:54:10,Mexico,No Change,['Vehicles'],1.0,Cars,Oil Supply Shock,_example_7_2.json,43
22/05/2023 12:54:10,Mexico,No Change,['Vehicles'],1.0,Cars,Oil Supply Shock,_example_7_2.json,43
22/05/2023 12:54:10,Bolivia,No Change,['Oil'],0.0,Petroleum,US-China Relations,_example_7_2.json,43
22/05/2023 12:55:08,Bolivia,No Change,['Oil'],0.0,Petroleum,US-China Relations,_example_7_2.json,44
22/05/2023 12:55:08,Mexico,No Change,['Vehicles'],1.0,Cars,Oil Supply Shock,_example_7_2.json,44
22/05/2023 12:55:08,Mexico,No Change,['Vehicles'],1.0,Cars,Oil Supply Shock,_example_7_2.json,44
22/05/2023 12:55:08,Mexico,No Change,['Vehicles'],1.0,Cars,Oil Supply Shock,_example_7_2.json,44
22/05/2023 12:55:08,Bolivia,No Change,['Oil'],0.0,Petroleum,US-China Relations,_example_7_2.json,44
22/05/2023 12:56:00,Bolivia,No Change,['Oil'],0.0,Petroleum,US-China Relations,_example_7_2.json,45
22/05/2023 12:56:00,Mexico,No Change,['Vehicles'],1.0,Cars,Oil Supply Shock,_example_7_2.json,45
22/05/2023 12:56:00,Mexico,No Change,['Vehicles'],1.0,Cars,Oil Supply Shock,_example_7_2.json,45
22/05/2023 12:56:00,Mexico,No Change,['Vehicles'],1.0,Cars,Oil Supply Shock,_example_7_2.json,45
22/05/2023 12:56:00,Bolivia,No Change,['Oil'],0.0,Petroleum,US-China Relations,_example_7_2.json,45
22/05/2023 12:56:52,Bolivia,No Change,['Oil'],0.0,Petroleum,US-China Relations,_example_7_2.json,46
22/05/2023 12:56:52,Mexico,No Change,['Vehicles'],1.0,Cars,Oil Supply Shock,_example_7_2.json,46
22/05/2023 12:56:52,Mexico,No Change,['Vehicles'],1.0,Cars,Oil Supply Shock,_example_7_2.json,46
22/05/2023 12:56:52,Mexico,No Change,['Vehicles'],1.0,Cars,Oil Supply Shock,_example_7_2.json,46
22/05/2023 12:56:52,Bolivia,No Change,['Oil'],0.0,Petroleum,US-China Relations,_example_7_2.json,46
22/05/2023 12:57:45,Bolivia,No Change,['Oil'],0.0,Petroleum,US-China Relations,_example_7_2.json,47
22/05/2023 12:57:45,Mexico,No Change,['Vehicles'],1.0,Cars,Oil Supply Shock,_example_7_2.json,47
22/05/2023 12:57:45,Mexico,No Change,['Vehicles'],1.0,Cars,Oil Supply Shock,_example_7_2.json,47
22/05/2023 12:57:45,Mexico,No Change,['Vehicles'],1.0,Cars,Oil Supply Shock,_example_7_2.json,47
22/05/2023 12:57:45,Bolivia,No Change,['Oil'],0.0,Petroleum,US-China Relations,_example_7_2.json,47
22/05/2023 12:58:38,Bolivia,No Change,['Oil'],0.0,Petroleum,US-China Relations,_example_7_2.json,48
22/05/2023 12:58:38,Mexico,No Change,['Vehicles'],1.0,Cars,Oil Supply Shock,_example_7_2.json,48
22/05/2023 12:58:38,Mexico,No Change,['Vehicles'],1.0,Cars,Oil Supply Shock,_example_7_2.json,48
22/05/2023 12:58:38,Mexico,No Change,['Vehicles'],1.0,Cars,Oil Supply Shock,_example_7_2.json,48
22/05/2023 12:58:38,Bolivia,No Change,['Oil'],0.0,Petroleum,US-China Relations,_example_7_2.json,48
22/05/2023 12:59:30,Mexico,No Change,['Vehicles'],1.0,Cars,Oil Supply Shock,_example_8_2.json,49
22/05/2023 12:59:30,Mexico,No Change,['Vehicles'],1.0,Cars,Oil Supply Shock,_example_8_2.json,49
22/05/2023 12:59:30,Mexico,No Change,['Vehicles'],1.0,Cars,Oil Supply Shock,_example_8_2.json,49
22/05/2023 12:59:30,Mexico,No Change,['Vehicles'],1.0,Cars,Oil Supply Shock,_example_8_2.json,49
22/05/2023 12:59:30,Mexico,No Change,['Vehicles'],1.0,Cars,Oil Supply Shock,_example_8_2.json,49
22/05/2023 12:59:30,Bolivia,No Change,['Oil'],0.0,Petroleum,US-China Relations,_example_8_2.json,49
22/05/2023 13:00:39,Mexico,No Change,['Vehicles'],1.0,Cars,Oil Supply Shock,_example_8_2.json,50
22/05/2023 13:00:39,Mexico,No Change,['Vehicles'],1.0,Cars,Oil Supply Shock,_example_8_2.json,50
22/05/2023 13:00:39,Mexico,No Change,['Vehicles'],1.0,Cars,Oil Supply Shock,_example_8_2.json,50
22/05/2023 13:00:39,Mexico,No Change,['Vehicles'],1.0,Cars,Oil Supply Shock,_example_8_2.json,50
22/05/2023 13:00:39,Mexico,No Change,['Vehicles'],1.0,Cars,Oil Supply Shock,_example_8_2.json,50
22/05/2023 13:00:39,Bolivia,No Change,['Oil'],0.0,Petroleum,US-China Relations,_example_8_2.json,50
22/05/2023 13:01:31,Mexico,No Change,['Vehicles'],1.0,Cars,Oil Supply Shock,_example_8_2.json,51
22/05/2023 13:01:31,Mexico,No Change,['Vehicles'],1.0,Cars,Oil Supply Shock,_example_8_2.json,51
22/05/2023 13:01:31,Mexico,No Change,['Vehicles'],1.0,Cars,Oil Supply Shock,_example_8_2.json,51
22/05/2023 13:01:31,Mexico,No Change,['Vehicles'],1.0,Cars,Oil Supply Shock,_example_8_2.json,51
22/05/2023 13:01:31,Mexico,No Change,['Vehicles'],1.0,Cars,Oil Supply Shock,_example_8_2.json,51
22/05/2023 13:01:31,Bolivia,No Change,['Oil'],0.0,Petroleum,US-China Relations,_example_8_2.json,51
22/05/2023 13:02:23,Mexico,No Change,['Vehicles'],1.0,Cars,Oil Supply Shock,_example_8_2.json,52
22/05/2023 13:02:23,Mexico,No Change,['Vehicles'],1.0,Cars,Oil Supply Shock,_example_8_2.json,52
22/05/2023 13:02:23,Mexico,No Change,['Vehicles'],1.0,Cars,Oil Supply Shock,_example_8_2.json,52
22/05/2023 13:02:23,Mexico,No Change,['Vehicles'],1.0,Cars,Oil Supply Shock,_example_8_2.json,52
22/05/2023 13:02:23,Mexico,No Change,['Vehicles'],1.0,Cars,Oil Supply Shock,_example_8_2.json,52
22/05/2023 13:02:23,Bolivia,No Change,['Oil'],0.0,Petroleum,US-China Relations,_example_8_2.json,52
22/05/2023 13:03:15,Mexico,No Change,['Vehicles'],1.0,Cars,Oil Supply Shock,_example_8_2.json,53
22/05/2023 13:03:15,Mexico,No Change,['Vehicles'],1.0,Cars,Oil Supply Shock,_example_8_2.json,53
22/05/2023 13:03:15,Mexico,No Change,['Vehicles'],1.0,Cars,Oil Supply Shock,_example_8_2.json,53
22/05/2023 13:03:15,Mexico,No Change,['Vehicles'],1.0,Cars,Oil Supply Shock,_example_8_2.json,53
22/05/2023 13:03:15,Mexico,No Change,['Vehicles'],1.0,Cars,Oil Supply Shock,_example_8_2.json,53
22/05/2023 13:03:15,Bolivia,No Change,['Oil'],0.0,Petroleum,US-China Relations,_example_8_2.json,53
22/05/2023 13:04:07,Mexico,No Change,['Vehicles'],1.0,Cars,Oil Supply Shock,_example_8_2.json,54
22/05/2023 13:04:07,Mexico,No Change,['Vehicles'],1.0,Cars,Oil Supply Shock,_example_8_2.json,54
22/05/2023 13:04:07,Mexico,No Change,['Vehicles'],1.0,Cars,Oil Supply Shock,_example_8_2.json,54
22/05/2023 13:04:07,Mexico,No Change,['Vehicles'],1.0,Cars,Oil Supply Shock,_example_8_2.json,54
22/05/2023 13:04:07,Mexico,No Change,['Vehicles'],1.0,Cars,Oil Supply Shock,_example_8_2.json,54
22/05/2023 13:04:07,Bolivia,No Change,['Oil'],0.0,Petroleum,US-China Relations,_example_8_2.json,54
22/05/2023 13:04:59,Mexico,No Change,['Vehicles'],1.0,Cars,Oil Supply Shock,_example_9_2.json,55
22/05/2023 13:04:59,Mexico,No Change,['Vehicles'],1.0,Cars,Oil Supply Shock,_example_9_2.json,55
22/05/2023 13:04:59,Mexico,No Change,['Vehicles'],1.0,Cars,Oil Supply Shock,_example_9_2.json,55
22/05/2023 13:04:59,Mexico,No Change,['Vehicles'],1.0,Cars,Oil Supply Shock,_example_9_2.json,55
22/05/2023 13:04:59,Bolivia,No Change,['Oil'],0.0,Petroleum,US-China Relations,_example_9_2.json,55
22/05/2023 13:04:59,Mexico,No Change,['Vehicles'],1.0,Cars,Oil Supply Shock,_example_9_2.json,55
22/05/2023 13:06:10,Mexico,No Change,['Vehicles'],1.0,Cars,Oil Supply Shock,_example_9_2.json,56
22/05/2023 13:06:10,Mexico,No Change,['Vehicles'],1.0,Cars,Oil Supply Shock,_example_9_2.json,56
22/05/2023 13:06:10,Mexico,No Change,['Vehicles'],1.0,Cars,Oil Supply Shock,_example_9_2.json,56
22/05/2023 13:06:10,Mexico,No Change,['Vehicles'],1.0,Cars,Oil Supply Shock,_example_9_2.json,56
22/05/2023 13:06:10,Bolivia,No Change,['Oil'],0.0,Petroleum,US-China Relations,_example_9_2.json,56
22/05/2023 13:06:10,Mexico,No Change,['Vehicles'],1.0,Cars,Oil Supply Shock,_example_9_2.json,56
22/05/2023 13:07:04,Mexico,No Change,['Vehicles'],1.0,Cars,Oil Supply Shock,_example_9_2.json,57
22/05/2023 13:07:04,Mexico,No Change,['Vehicles'],1.0,Cars,Oil Supply Shock,_example_9_2.json,57
22/05/2023 13:07:04,Mexico,No Change,['Vehicles'],1.0,Cars,Oil Supply Shock,_example_9_2.json,57
22/05/2023 13:07:04,Mexico,No Change,['Vehicles'],1.0,Cars,Oil Supply Shock,_example_9_2.json,57
22/05/2023 13:07:04,Bolivia,No Change,['Oil'],0.0,Petroleum,US-China Relations,_example_9_2.json,57
22/05/2023 13:07:04,Mexico,No Change,['Vehicles'],1.0,Cars,Oil Supply Shock,_example_9_2.json,57
22/05/2023 13:07:59,Mexico,No Change,['Vehicles'],1.0,Cars,Oil Supply Shock,_example_9_2.json,58
22/05/2023 13:07:59,Mexico,No Change,['Vehicles'],1.0,Cars,Oil Supply Shock,_example_9_2.json,58
22/05/2023 13:07:59,Mexico,No Change,['Vehicles'],1.0,Cars,Oil Supply Shock,_example_9_2.json,58
22/05/2023 13:07:59,Mexico,No Change,['Vehicles'],1.0,Cars,Oil Supply Shock,_example_9_2.json,58
22/05/2023 13:07:59,Bolivia,No Change,['Oil'],0.0,Petroleum,US-China Relations,_example_9_2.json,58
22/05/2023 13:07:59,Mexico,No Change,['Vehicles'],1.0,Cars,Oil Supply Shock,_example_9_2.json,58
22/05/2023 13:08:54,Mexico,No Change,['Vehicles'],1.0,Cars,Oil Supply Shock,example_10_2.json,59
22/05/2023 13:08:54,Bolivia,No Change,['Oil'],0.0,Petroleum,US-China Relations,example_10_2.json,59
22/05/2023 13:08:54,Mexico,No Change,['Vehicles'],1.0,Cars,Oil Supply Shock,example_10_2.json,59
22/05/2023 13:08:54,Mexico,No Change,['Vehicles'],1.0,Cars,Oil Supply Shock,example_10_2.json,59
22/05/2023 13:09:47,Mexico,No Change,['Vehicles'],1.0,Cars,Oil Supply Shock,example_10_2.json,60
22/05/2023 13:09:47,Bolivia,No Change,['Oil'],0.0,Petroleum,US-China Relations,example_10_2.json,60
22/05/2023 13:09:47,Mexico,No Change,['Vehicles'],1.0,Cars,Oil Supply Shock,example_10_2.json,60
22/05/2023 13:09:47,Mexico,No Change,['Vehicles'],1.0,Cars,Oil Supply Shock,example_10_2.json,60
22/05/2023 13:10:37,Mexico,No Change,['Vehicles'],1.0,Cars,Oil Supply Shock,example_10_2.json,61
22/05/2023 13:10:37,Bolivia,No Change,['Oil'],0.0,Petroleum,US-China Relations,example_10_2.json,61
22/05/2023 13:10:37,Mexico,No Change,['Vehicles'],1.0,Cars,Oil Supply Shock,example_10_2.json,61
22/05/2023 13:10:37,Mexico,No Change,['Vehicles'],1.0,Cars,Oil Supply Shock,example_10_2.json,61
22/05/2023 13:11:26,Mexico,No Change,['Vehicles'],1.0,Cars,Oil Supply Shock,example_10_2.json,62
22/05/2023 13:11:26,Bolivia,No Change,['Oil'],0.0,Petroleum,US-China Relations,example_10_2.json,62
22/05/2023 13:11:26,Mexico,No Change,['Vehicles'],1.0,Cars,Oil Supply Shock,example_10_2.json,62
22/05/2023 13:11:26,Mexico,No Change,['Vehicles'],1.0,Cars,Oil Supply Shock,example_10_2.json,62
22/05/2023 13:12:15,Mexico,No Change,['Vehicles'],1.0,Cars,Oil Supply Shock,example_10_2.json,63
22/05/2023 13:12:15,Bolivia,No Change,['Oil'],0.0,Petroleum,US-China Relations,example_10_2.json,63
22/05/2023 13:12:15,Mexico,No Change,['Vehicles'],1.0,Cars,Oil Supply Shock,example_10_2.json,63
22/05/2023 13:12:15,Mexico,No Change,['Vehicles'],1.0,Cars,Oil Supply Shock,example_10_2.json,63
22/05/2023 13:13:03,Mexico,No Change,['Vehicles'],1.0,Cars,Oil Supply Shock,example_10_2.json,64
22/05/2023 13:13:03,Bolivia,No Change,['Oil'],0.0,Petroleum,US-China Relations,example_10_2.json,64
22/05/2023 13:13:03,Mexico,No Change,['Vehicles'],1.0,Cars,Oil Supply Shock,example_10_2.json,64
22/05/2023 13:13:03,Mexico,No Change,['Vehicles'],1.0,Cars,Oil Supply Shock,example_10_2.json,64
22/05/2023 13:13:52,Bolivia,No Change,['Oil'],0.0,Petroleum,US-China Relations,example_11_2.json,65
22/05/2023 13:13:52,Bolivia,No Change,['Oil'],0.0,Petroleum,US-China Relations,example_11_2.json,65
22/05/2023 13:13:52,Mexico,No Change,['Vehicles'],1.0,Cars,Oil Supply Shock,example_11_2.json,65
22/05/2023 13:13:52,Mexico,No Change,['Vehicles'],1.0,Cars,Oil Supply Shock,example_11_2.json,65
22/05/2023 13:14:54,Bolivia,No Change,['Oil'],0.0,Petroleum,US-China Relations,example_11_2.json,66
22/05/2023 13:14:54,Bolivia,No Change,['Oil'],0.0,Petroleum,US-China Relations,example_11_2.json,66
22/05/2023 13:14:54,Mexico,No Change,['Vehicles'],1.0,Cars,Oil Supply Shock,example_11_2.json,66
22/05/2023 13:14:54,Mexico,No Change,['Vehicles'],1.0,Cars,Oil Supply Shock,example_11_2.json,66
22/05/2023 13:15:50,Bolivia,No Change,['Oil'],0.0,Petroleum,US-China Relations,example_11_2.json,67
22/05/2023 13:15:50,Bolivia,No Change,['Oil'],0.0,Petroleum,US-China Relations,example_11_2.json,67
22/05/2023 13:15:50,Mexico,No Change,['Vehicles'],1.0,Cars,Oil Supply Shock,example_11_2.json,67
22/05/2023 13:15:50,Mexico,No Change,['Vehicles'],1.0,Cars,Oil Supply Shock,example_11_2.json,67
22/05/2023 13:16:46,Bolivia,No Change,['Oil'],0.0,Petroleum,US-China Relations,example_11_2.json,68
22/05/2023 13:16:46,Bolivia,No Change,['Oil'],0.0,Petroleum,US-China Relations,example_11_2.json,68
22/05/2023 13:16:46,Mexico,No Change,['Vehicles'],1.0,Cars,Oil Supply Shock,example_11_2.json,68
22/05/2023 13:16:46,Mexico,No Change,['Vehicles'],1.0,Cars,Oil Supply Shock,example_11_2.json,68
22/05/2023 13:17:43,Bolivia,No Change,['Oil'],0.0,Petroleum,US-China Relations,example_11_2.json,69
22/05/2023 13:17:43,Bolivia,No Change,['Oil'],0.0,Petroleum,US-China Relations,example_11_2.json,69
22/05/2023 13:17:43,Mexico,No Change,['Vehicles'],1.0,Cars,Oil Supply Shock,example_11_2.json,69
22/05/2023 13:17:43,Mexico,No Change,['Vehicles'],1.0,Cars,Oil Supply Shock,example_11_2.json,69
22/05/2023 13:18:39,Bolivia,No Change,['Oil'],0.0,Petroleum,US-China Relations,example_11_2.json,70
22/05/2023 13:18:39,Bolivia,No Change,['Oil'],0.0,Petroleum,US-China Relations,example_11_2.json,70
22/05/2023 13:18:39,Mexico,No Change,['Vehicles'],1.0,Cars,Oil Supply Shock,example_11_2.json,70
22/05/2023 13:18:39,Mexico,No Change,['Vehicles'],1.0,Cars,Oil Supply Shock,example_11_2.json,70
22/05/2023 13:19:34,Mexico,No Change,['Vehicles'],1.0,Cars,Oil Supply Shock,example_12_2.json,71
22/05/2023 13:19:34,Mexico,No Change,['Vehicles'],1.0,Cars,Oil Supply Shock,example_12_2.json,71
22/05/2023 13:19:34,Bolivia,No Change,['Oil'],0.0,Petroleum,US-China Relations,example_12_2.json,71
22/05/2023 13:19:34,Bolivia,No Change,['Oil'],0.0,Petroleum,US-China Relations,example_12_2.json,71
22/05/2023 13:19:34,Mexico,No Change,['Vehicles'],1.0,Cars,Oil Supply Shock,example_12_2.json,71
22/05/2023 13:20:26,Mexico,No Change,['Vehicles'],1.0,Cars,Oil Supply Shock,example_12_2.json,72
22/05/2023 13:20:26,Mexico,No Change,['Vehicles'],1.0,Cars,Oil Supply Shock,example_12_2.json,72
22/05/2023 13:20:26,Bolivia,No Change,['Oil'],0.0,Petroleum,US-China Relations,example_12_2.json,72
22/05/2023 13:20:26,Bolivia,No Change,['Oil'],0.0,Petroleum,US-China Relations,example_12_2.json,72
22/05/2023 13:20:26,Mexico,No Change,['Vehicles'],1.0,Cars,Oil Supply Shock,example_12_2.json,72
22/05/2023 13:21:16,Mexico,No Change,['Vehicles'],1.0,Cars,Oil Supply Shock,example_12_2.json,73
22/05/2023 13:21:16,Mexico,No Change,['Vehicles'],1.0,Cars,Oil Supply Shock,example_12_2.json,73
22/05/2023 13:21:16,Bolivia,No Change,['Oil'],0.0,Petroleum,US-China Relations,example_12_2.json,73
22/05/2023 13:21:16,Bolivia,No Change,['Oil'],0.0,Petroleum,US-China Relations,example_12_2.json,73
22/05/2023 13:21:16,Mexico,No Change,['Vehicles'],1.0,Cars,Oil Supply Shock,example_12_2.json,73
22/05/2023 13:22:05,Mexico,No Change,['Vehicles'],1.0,Cars,Oil Supply Shock,example_12_2.json,74
22/05/2023 13:22:05,Mexico,No Change,['Vehicles'],1.0,Cars,Oil Supply Shock,example_12_2.json,74
22/05/2023 13:22:05,Bolivia,No Change,['Oil'],0.0,Petroleum,US-China Relations,example_12_2.json,74
22/05/2023 13:22:05,Bolivia,No Change,['Oil'],0.0,Petroleum,US-China Relations,example_12_2.json,74
22/05/2023 13:22:05,Mexico,No Change,['Vehicles'],1.0,Cars,Oil Supply Shock,example_12_2.json,74
22/05/2023 13:22:54,Mexico,No Change,['Vehicles'],1.0,Cars,Oil Supply Shock,example_12_2.json,75
22/05/2023 13:22:54,Mexico,No Change,['Vehicles'],1.0,Cars,Oil Supply Shock,example_12_2.json,75
22/05/2023 13:22:54,Bolivia,No Change,['Oil'],0.0,Petroleum,US-China Relations,example_12_2.json,75
22/05/2023 13:22:54,Bolivia,No Change,['Oil'],0.0,Petroleum,US-China Relations,example_12_2.json,75
22/05/2023 13:22:54,Mexico,No Change,['Vehicles'],1.0,Cars,Oil Supply Shock,example_12_2.json,75
22/05/2023 13:23:55,Mexico,No Change,['Vehicles'],1.0,Cars,Oil Supply Shock,example_13_2.json,76
22/05/2023 13:23:55,Bolivia,No Change,['Oil'],0.0,Petroleum,US-China Relations,example_13_2.json,76
22/05/2023 13:23:55,Mexico,No Change,['Vehicles'],1.0,Cars,Oil Supply Shock,example_13_2.json,76
22/05/2023 13:23:55,Mexico,No Change,['Vehicles'],1.0,Cars,Oil Supply Shock,example_13_2.json,76
22/05/2023 13:23:55,Mexico,No Change,['Vehicles'],1.0,Cars,Oil Supply Shock,example_13_2.json,76
22/05/2023 13:23:55,Mexico,No Change,['Vehicles'],1.0,Cars,Oil Supply Shock,example_13_2.json,76
22/05/2023 13:24:51,Mexico,No Change,['Vehicles'],1.0,Cars,Oil Supply Shock,example_13_2.json,77
22/05/2023 13:24:51,Bolivia,No Change,['Oil'],0.0,Petroleum,US-China Relations,example_13_2.json,77
22/05/2023 13:24:51,Mexico,No Change,['Vehicles'],1.0,Cars,Oil Supply Shock,example_13_2.json,77
22/05/2023 13:24:51,Mexico,No Change,['Vehicles'],1.0,Cars,Oil Supply Shock,example_13_2.json,77
22/05/2023 13:24:51,Mexico,No Change,['Vehicles'],1.0,Cars,Oil Supply Shock,example_13_2.json,77
22/05/2023 13:24:51,Mexico,No Change,['Vehicles'],1.0,Cars,Oil Supply Shock,example_13_2.json,77
22/05/2023 13:25:43,Mexico,No Change,['Vehicles'],1.0,Cars,Oil Supply Shock,example_13_2.json,78
22/05/2023 13:25:43,Bolivia,No Change,['Oil'],0.0,Petroleum,US-China Relations,example_13_2.json,78
22/05/2023 13:25:43,Mexico,No Change,['Vehicles'],1.0,Cars,Oil Supply Shock,example_13_2.json,78
22/05/2023 13:25:43,Mexico,No Change,['Vehicles'],1.0,Cars,Oil Supply Shock,example_13_2.json,78
22/05/2023 13:25:43,Mexico,No Change,['Vehicles'],1.0,Cars,Oil Supply Shock,example_13_2.json,78
22/05/2023 13:25:43,Mexico,No Change,['Vehicles'],1.0,Cars,Oil Supply Shock,example_13_2.json,78
22/05/2023 13:26:39,Mexico,No Change,['Vehicles'],1.0,Cars,Oil Supply Shock,example_13_2.json,79
22/05/2023 13:26:39,Bolivia,No Change,['Oil'],0.0,Petroleum,US-China Relations,example_13_2.json,79
22/05/2023 13:26:39,Mexico,No Change,['Vehicles'],1.0,Cars,Oil Supply Shock,example_13_2.json,79
22/05/2023 13:26:39,Mexico,No Change,['Vehicles'],1.0,Cars,Oil Supply Shock,example_13_2.json,79
22/05/2023 13:26:39,Mexico,No Change,['Vehicles'],1.0,Cars,Oil Supply Shock,example_13_2.json,79
22/05/2023 13:26:39,Mexico,No Change,['Vehicles'],1.0,Cars,Oil Supply Shock,example_13_2.json,79
22/05/2023 13:27:26,Mexico,No Change,['Vehicles'],1.0,Cars,Oil Supply Shock,example_13_2.json,80
22/05/2023 13:27:26,Bolivia,No Change,['Oil'],0.0,Petroleum,US-China Relations,example_13_2.json,80
22/05/2023 13:27:26,Mexico,No Change,['Vehicles'],1.0,Cars,Oil Supply Shock,example_13_2.json,80
22/05/2023 13:27:26,Mexico,No Change,['Vehicles'],1.0,Cars,Oil Supply Shock,example_13_2.json,80
22/05/2023 13:27:26,Mexico,No Change,['Vehicles'],1.0,Cars,Oil Supply Shock,example_13_2.json,80
22/05/2023 13:27:26,Mexico,No Change,['Vehicles'],1.0,Cars,Oil Supply Shock,example_13_2.json,80
22/05/2023 13:28:13,Mexico,No Change,['Vehicles'],1.0,Cars,Oil Supply Shock,example_14_2.json,81
22/05/2023 13:28:13,Mexico,No Change,['Vehicles'],1.0,Cars,Oil Supply Shock,example_14_2.json,81
22/05/2023 13:28:13,Bolivia,No Change,['Oil'],0.0,Petroleum,US-China Relations,example_14_2.json,81
22/05/2023 13:28:13,Mexico,No Change,['Vehicles'],1.0,Cars,Oil Supply Shock,example_14_2.json,81
22/05/2023 13:29:03,Mexico,No Change,['Vehicles'],1.0,Cars,Oil Supply Shock,example_14_2.json,82
22/05/2023 13:29:03,Mexico,No Change,['Vehicles'],1.0,Cars,Oil Supply Shock,example_14_2.json,82
22/05/2023 13:29:03,Bolivia,No Change,['Oil'],0.0,Petroleum,US-China Relations,example_14_2.json,82
22/05/2023 13:29:03,Mexico,No Change,['Vehicles'],1.0,Cars,Oil Supply Shock,example_14_2.json,82
22/05/2023 13:29:56,Mexico,No Change,['Vehicles'],1.0,Cars,Oil Supply Shock,example_14_2.json,83
22/05/2023 13:29:56,Mexico,No Change,['Vehicles'],1.0,Cars,Oil Supply Shock,example_14_2.json,83
22/05/2023 13:29:56,Bolivia,No Change,['Oil'],0.0,Petroleum,US-China Relations,example_14_2.json,83
22/05/2023 13:29:56,Mexico,No Change,['Vehicles'],1.0,Cars,Oil Supply Shock,example_14_2.json,83
22/05/2023 13:30:48,Mexico,No Change,['Vehicles'],1.0,Cars,Oil Supply Shock,example_14_2.json,84
22/05/2023 13:30:48,Mexico,No Change,['Vehicles'],1.0,Cars,Oil Supply Shock,example_14_2.json,84
22/05/2023 13:30:48,Bolivia,No Change,['Oil'],0.0,Petroleum,US-China Relations,example_14_2.json,84
22/05/2023 13:30:48,Mexico,No Change,['Vehicles'],1.0,Cars,Oil Supply Shock,example_14_2.json,84
22/05/2023 13:31:44,Mexico,No Change,['Vehicles'],1.0,Cars,Oil Supply Shock,example_14_2.json,85
22/05/2023 13:31:44,Mexico,No Change,['Vehicles'],1.0,Cars,Oil Supply Shock,example_14_2.json,85
22/05/2023 13:31:44,Bolivia,No Change,['Oil'],0.0,Petroleum,US-China Relations,example_14_2.json,85
22/05/2023 13:31:44,Mexico,No Change,['Vehicles'],1.0,Cars,Oil Supply Shock,example_14_2.json,85
22/05/2023 13:32:35,Mexico,No Change,['Vehicles'],1.0,Cars,Oil Supply Shock,example_15_2.json,86
22/05/2023 13:33:33,Mexico,No Change,['Vehicles'],1.0,Cars,Oil Supply Shock,example_15_2.json,87
22/05/2023 13:34:27,Mexico,No Change,['Vehicles'],1.0,Cars,Oil Supply Shock,example_15_2.json,88
22/05/2023 13:35:21,Mexico,No Change,['Vehicles'],1.0,Cars,Oil Supply Shock,example_15_2.json,89
22/05/2023 13:36:16,Mexico,No Change,['Vehicles'],1.0,Cars,Oil Supply Shock,example_15_2.json,90
22/05/2023 13:37:10,Bolivia,No Change,['Oil'],0.0,Petroleum,US-China Relations,example_16_2.json,91
22/05/2023 13:37:10,Mexico,No Change,['Vehicles'],1.0,Cars,Oil Supply Shock,example_16_2.json,91
22/05/2023 13:37:10,Bolivia,No Change,['Oil'],0.0,Petroleum,US-China Relations,example_16_2.json,91
22/05/2023 13:37:10,Mexico,No Change,['Vehicles'],1.0,Cars,Oil Supply Shock,example_16_2.json,91
22/05/2023 13:37:10,Mexico,No Change,['Vehicles'],1.0,Cars,Oil Supply Shock,example_16_2.json,91
22/05/2023 13:38:17,Bolivia,No Change,['Oil'],0.0,Petroleum,US-China Relations,example_16_2.json,92
22/05/2023 13:38:17,Mexico,No Change,['Vehicles'],1.0,Cars,Oil Supply Shock,example_16_2.json,92
22/05/2023 13:38:17,Bolivia,No Change,['Oil'],0.0,Petroleum,US-China Relations,example_16_2.json,92
22/05/2023 13:38:17,Mexico,No Change,['Vehicles'],1.0,Cars,Oil Supply Shock,example_16_2.json,92
22/05/2023 13:38:17,Mexico,No Change,['Vehicles'],1.0,Cars,Oil Supply Shock,example_16_2.json,92
22/05/2023 13:39:15,Bolivia,No Change,['Oil'],0.0,Petroleum,US-China Relations,example_16_2.json,93
22/05/2023 13:39:15,Mexico,No Change,['Vehicles'],1.0,Cars,Oil Supply Shock,example_16_2.json,93
22/05/2023 13:39:15,Bolivia,No Change,['Oil'],0.0,Petroleum,US-China Relations,example_16_2.json,93
22/05/2023 13:39:15,Mexico,No Change,['Vehicles'],1.0,Cars,Oil Supply Shock,example_16_2.json,93
22/05/2023 13:39:15,Mexico,No Change,['Vehicles'],1.0,Cars,Oil Supply Shock,example_16_2.json,93
22/05/2023 13:40:12,Bolivia,No Change,['Oil'],0.0,Petroleum,US-China Relations,example_16_2.json,94
22/05/2023 13:40:12,Mexico,No Change,['Vehicles'],1.0,Cars,Oil Supply Shock,example_16_2.json,94
22/05/2023 13:40:12,Bolivia,No Change,['Oil'],0.0,Petroleum,US-China Relations,example_16_2.json,94
22/05/2023 13:40:12,Mexico,No Change,['Vehicles'],1.0,Cars,Oil Supply Shock,example_16_2.json,94
22/05/2023 13:40:12,Mexico,No Change,['Vehicles'],1.0,Cars,Oil Supply Shock,example_16_2.json,94
22/05/2023 13:41:09,Bolivia,No Change,['Oil'],0.0,Petroleum,US-China Relations,example_16_2.json,95
22/05/2023 13:41:09,Mexico,No Change,['Vehicles'],1.0,Cars,Oil Supply Shock,example_16_2.json,95
22/05/2023 13:41:09,Bolivia,No Change,['Oil'],0.0,Petroleum,US-China Relations,example_16_2.json,95
22/05/2023 13:41:09,Mexico,No Change,['Vehicles'],1.0,Cars,Oil Supply Shock,example_16_2.json,95
22/05/2023 13:41:09,Mexico,No Change,['Vehicles'],1.0,Cars,Oil Supply Shock,example_16_2.json,95
22/05/2023 13:42:06,Bolivia,No Change,['Oil'],0.0,Petroleum,US-China Relations,example_16_2.json,96
22/05/2023 13:42:06,Mexico,No Change,['Vehicles'],1.0,Cars,Oil Supply Shock,example_16_2.json,96
22/05/2023 13:42:06,Bolivia,No Change,['Oil'],0.0,Petroleum,US-China Relations,example_16_2.json,96
22/05/2023 13:42:06,Mexico,No Change,['Vehicles'],1.0,Cars,Oil Supply Shock,example_16_2.json,96
22/05/2023 13:42:06,Mexico,No Change,['Vehicles'],1.0,Cars,Oil Supply Shock,example_16_2.json,96
22/05/2023 13:43:04,Mexico,No Change,['Vehicles'],1.0,Cars,Oil Supply Shock,example_17_2.json,97
22/05/2023 13:43:04,Russia,['Oil'],No Change,1.0,Petroleum,Oil Supply Shock,example_17_2.json,97
22/05/2023 13:43:04,Mexico,No Change,['Vehicles'],1.0,Cars,Oil Supply Shock,example_17_2.json,97
22/05/2023 13:43:04,Bolivia,No Change,['Oil'],0.0,Petroleum,US-China Relations,example_17_2.json,97
22/05/2023 13:44:12,Mexico,No Change,['Vehicles'],1.0,Cars,Oil Supply Shock,example_17_2.json,98
22/05/2023 13:44:12,Russia,['Oil'],No Change,1.0,Petroleum,Oil Supply Shock,example_17_2.json,98
22/05/2023 13:44:12,Mexico,No Change,['Vehicles'],1.0,Cars,Oil Supply Shock,example_17_2.json,98
22/05/2023 13:44:12,Bolivia,No Change,['Oil'],0.0,Petroleum,US-China Relations,example_17_2.json,98
22/05/2023 13:45:05,Mexico,No Change,['Vehicles'],1.0,Cars,Oil Supply Shock,example_17_2.json,99
22/05/2023 13:45:05,Russia,['Oil'],No Change,1.0,Petroleum,Oil Supply Shock,example_17_2.json,99
22/05/2023 13:45:05,Mexico,No Change,['Vehicles'],1.0,Cars,Oil Supply Shock,example_17_2.json,99
22/05/2023 13:45:05,Bolivia,No Change,['Oil'],0.0,Petroleum,US-China Relations,example_17_2.json,99
22/05/2023 13:45:58,Mexico,No Change,['Vehicles'],1.0,Cars,Oil Supply Shock,example_17_2.json,100
22/05/2023 13:45:58,Russia,['Oil'],No Change,1.0,Petroleum,Oil Supply Shock,example_17_2.json,100
22/05/2023 13:45:58,Mexico,No Change,['Vehicles'],1.0,Cars,Oil Supply Shock,example_17_2.json,100
22/05/2023 13:45:58,Bolivia,No Change,['Oil'],0.0,Petroleum,US-China Relations,example_17_2.json,100
22/05/2023 13:46:51,Mexico,No Change,['Vehicles'],1.0,Cars,Oil Supply Shock,example_17_2.json,101
22/05/2023 13:46:51,Russia,['Oil'],No Change,1.0,Petroleum,Oil Supply Shock,example_17_2.json,101
22/05/2023 13:46:51,Mexico,No Change,['Vehicles'],1.0,Cars,Oil Supply Shock,example_17_2.json,101
22/05/2023 13:46:51,Bolivia,No Change,['Oil'],0.0,Petroleum,US-China Relations,example_17_2.json,101
22/05/2023 13:47:45,Mexico,No Change,['Vehicles'],1.0,Cars,Oil Supply Shock,example_17_2.json,102
22/05/2023 13:47:45,Russia,['Oil'],No Change,1.0,Petroleum,Oil Supply Shock,example_17_2.json,102
22/05/2023 13:47:45,Mexico,No Change,['Vehicles'],1.0,Cars,Oil Supply Shock,example_17_2.json,102
22/05/2023 13:47:45,Bolivia,No Change,['Oil'],0.0,Petroleum,US-China Relations,example_17_2.json,102
22/05/2023 13:48:38,Mexico,No Change,['Vehicles'],1.0,Cars,Oil Supply Shock,example_18_2.json,103
22/05/2023 13:48:38,Mexico,No Change,['Vehicles'],1.0,Cars,Oil Supply Shock,example_18_2.json,103
22/05/2023 13:48:38,Russia,['Oil'],No Change,1.0,Petroleum,Oil Supply Shock,example_18_2.json,103
22/05/2023 13:48:38,Mexico,No Change,['Vehicles'],1.0,Cars,Oil Supply Shock,example_18_2.json,103
22/05/2023 13:49:36,Mexico,No Change,['Vehicles'],1.0,Cars,Oil Supply Shock,example_18_2.json,104
22/05/2023 13:49:36,Mexico,No Change,['Vehicles'],1.0,Cars,Oil Supply Shock,example_18_2.json,104
22/05/2023 13:49:36,Russia,['Oil'],No Change,1.0,Petroleum,Oil Supply Shock,example_18_2.json,104
22/05/2023 13:49:36,Mexico,No Change,['Vehicles'],1.0,Cars,Oil Supply Shock,example_18_2.json,104
22/05/2023 13:50:31,Mexico,No Change,['Vehicles'],1.0,Cars,Oil Supply Shock,example_18_2.json,105
22/05/2023 13:50:31,Mexico,No Change,['Vehicles'],1.0,Cars,Oil Supply Shock,example_18_2.json,105
22/05/2023 13:50:31,Russia,['Oil'],No Change,1.0,Petroleum,Oil Supply Shock,example_18_2.json,105
22/05/2023 13:50:31,Mexico,No Change,['Vehicles'],1.0,Cars,Oil Supply Shock,example_18_2.json,105
22/05/2023 13:51:26,Mexico,No Change,['Vehicles'],1.0,Cars,Oil Supply Shock,example_18_2.json,106
22/05/2023 13:51:26,Mexico,No Change,['Vehicles'],1.0,Cars,Oil Supply Shock,example_18_2.json,106
22/05/2023 13:51:26,Russia,['Oil'],No Change,1.0,Petroleum,Oil Supply Shock,example_18_2.json,106
22/05/2023 13:51:26,Mexico,No Change,['Vehicles'],1.0,Cars,Oil Supply Shock,example_18_2.json,106
22/05/2023 13:52:25,Mexico,No Change,['Vehicles'],1.0,Cars,Oil Supply Shock,example_18_2.json,107
22/05/2023 13:52:25,Mexico,No Change,['Vehicles'],1.0,Cars,Oil Supply Shock,example_18_2.json,107
22/05/2023 13:52:25,Russia,['Oil'],No Change,1.0,Petroleum,Oil Supply Shock,example_18_2.json,107
22/05/2023 13:52:25,Mexico,No Change,['Vehicles'],1.0,Cars,Oil Supply Shock,example_18_2.json,107
22/05/2023 13:53:22,Russia,['Oil'],No Change,1.0,Petroleum,Oil Supply Shock,example_19_2.json,108
22/05/2023 13:53:22,Mexico,No Change,['Vehicles'],1.0,Cars,Oil Supply Shock,example_19_2.json,108
22/05/2023 13:53:22,Mexico,No Change,['Vehicles'],1.0,Cars,Oil Supply Shock,example_19_2.json,108
22/05/2023 13:53:22,Russia,['Oil'],No Change,1.0,Petroleum,Oil Supply Shock,example_19_2.json,108
22/05/2023 13:53:22,Bolivia,No Change,['Oil'],0.0,Petroleum,US-China Relations,example_19_2.json,108
22/05/2023 13:54:25,Russia,['Oil'],No Change,1.0,Petroleum,Oil Supply Shock,example_19_2.json,109
22/05/2023 13:54:25,Mexico,No Change,['Vehicles'],1.0,Cars,Oil Supply Shock,example_19_2.json,109
22/05/2023 13:54:25,Mexico,No Change,['Vehicles'],1.0,Cars,Oil Supply Shock,example_19_2.json,109
22/05/2023 13:54:25,Russia,['Oil'],No Change,1.0,Petroleum,Oil Supply Shock,example_19_2.json,109
22/05/2023 13:54:25,Bolivia,No Change,['Oil'],0.0,Petroleum,US-China Relations,example_19_2.json,109
22/05/2023 13:55:18,Russia,['Oil'],No Change,1.0,Petroleum,Oil Supply Shock,example_19_2.json,110
22/05/2023 13:55:18,Mexico,No Change,['Vehicles'],1.0,Cars,Oil Supply Shock,example_19_2.json,110
22/05/2023 13:55:18,Mexico,No Change,['Vehicles'],1.0,Cars,Oil Supply Shock,example_19_2.json,110
22/05/2023 13:55:18,Russia,['Oil'],No Change,1.0,Petroleum,Oil Supply Shock,example_19_2.json,110
22/05/2023 13:55:18,Bolivia,No Change,['Oil'],0.0,Petroleum,US-China Relations,example_19_2.json,110
22/05/2023 13:56:11,Russia,['Oil'],No Change,1.0,Petroleum,Oil Supply Shock,example_19_2.json,111
22/05/2023 13:56:11,Mexico,No Change,['Vehicles'],1.0,Cars,Oil Supply Shock,example_19_2.json,111
22/05/2023 13:56:11,Mexico,No Change,['Vehicles'],1.0,Cars,Oil Supply Shock,example_19_2.json,111
22/05/2023 13:56:11,Russia,['Oil'],No Change,1.0,Petroleum,Oil Supply Shock,example_19_2.json,111
22/05/2023 13:56:11,Bolivia,No Change,['Oil'],0.0,Petroleum,US-China Relations,example_19_2.json,111
22/05/2023 13:57:04,Russia,['Oil'],No Change,1.0,Petroleum,Oil Supply Shock,example_19_2.json,112
22/05/2023 13:57:04,Mexico,No Change,['Vehicles'],1.0,Cars,Oil Supply Shock,example_19_2.json,112
22/05/2023 13:57:04,Mexico,No Change,['Vehicles'],1.0,Cars,Oil Supply Shock,example_19_2.json,112
22/05/2023 13:57:04,Russia,['Oil'],No Change,1.0,Petroleum,Oil Supply Shock,example_19_2.json,112
22/05/2023 13:57:04,Bolivia,No Change,['Oil'],0.0,Petroleum,US-China Relations,example_19_2.json,112
22/05/2023 13:57:56,Russia,['Oil'],No Change,1.0,Petroleum,Oil Supply Shock,example_19_2.json,113
22/05/2023 13:57:56,Mexico,No Change,['Vehicles'],1.0,Cars,Oil Supply Shock,example_19_2.json,113
22/05/2023 13:57:56,Mexico,No Change,['Vehicles'],1.0,Cars,Oil Supply Shock,example_19_2.json,113
22/05/2023 13:57:56,Russia,['Oil'],No Change,1.0,Petroleum,Oil Supply Shock,example_19_2.json,113
22/05/2023 13:57:56,Bolivia,No Change,['Oil'],0.0,Petroleum,US-China Relations,example_19_2.json,113
22/05/2023 13:58:49,Bolivia,No Change,['Oil'],0.0,Petroleum,US-China Relations,example_20_2.json,114
22/05/2023 13:58:49,Mexico,No Change,['Vehicles'],1.0,Cars,Oil Supply Shock,example_20_2.json,114
22/05/2023 13:59:42,Bolivia,No Change,['Oil'],0.0,Petroleum,US-China Relations,example_20_2.json,115
22/05/2023 13:59:42,Mexico,No Change,['Vehicles'],1.0,Cars,Oil Supply Shock,example_20_2.json,115
22/05/2023 14:00:33,Bolivia,No Change,['Oil'],0.0,Petroleum,US-China Relations,example_20_2.json,116
22/05/2023 14:00:33,Mexico,No Change,['Vehicles'],1.0,Cars,Oil Supply Shock,example_20_2.json,116
22/05/2023 14:01:26,Bolivia,No Change,['Oil'],0.0,Petroleum,US-China Relations,example_20_2.json,117
22/05/2023 14:01:26,Mexico,No Change,['Vehicles'],1.0,Cars,Oil Supply Shock,example_20_2.json,117
22/05/2023 14:02:19,Bolivia,No Change,['Oil'],0.0,Petroleum,US-China Relations,example_20_2.json,118
22/05/2023 14:02:19,Mexico,No Change,['Vehicles'],1.0,Cars,Oil Supply Shock,example_20_2.json,118
22/05/2023 14:03:12,Bolivia,No Change,['Oil'],0.0,Petroleum,US-China Relations,example_20_2.json,119
22/05/2023 14:03:12,Mexico,No Change,['Vehicles'],1.0,Cars,Oil Supply Shock,example_20_2.json,119
22/05/2023 14:04:04,Bolivia,No Change,['Oil'],0.0,Petroleum,US-China Relations,example_20_2.json,120
22/05/2023 14:04:04,Mexico,No Change,['Vehicles'],1.0,Cars,Oil Supply Shock,example_20_2.json,120
22/05/2023 14:04:57,Bolivia,No Change,['Oil'],0.0,Petroleum,US-China Relations,example_20_2.json,121
22/05/2023 14:04:57,Mexico,No Change,['Vehicles'],1.0,Cars,Oil Supply Shock,example_20_2.json,121
22/05/2023 14:05:49,Panama,['Oil'],No Change,0.0,Petroleum,Oil Supply Shock,example_21_2.json,122
22/05/2023 14:05:49,Bolivia,No Change,['Oil'],0.0,Petroleum,US-China Relations,example_21_2.json,122
22/05/2023 14:05:49,Mexico,No Change,['Vehicles'],1.0,Cars,Oil Supply Shock,example_21_2.json,122
22/05/2023 14:06:58,Panama,['Oil'],No Change,0.0,Petroleum,Oil Supply Shock,example_21_2.json,123
22/05/2023 14:06:58,Bolivia,No Change,['Oil'],0.0,Petroleum,US-China Relations,example_21_2.json,123
22/05/2023 14:06:58,Mexico,No Change,['Vehicles'],1.0,Cars,Oil Supply Shock,example_21_2.json,123
22/05/2023 14:07:57,Panama,['Oil'],No Change,0.0,Petroleum,Oil Supply Shock,example_21_2.json,124
22/05/2023 14:07:57,Bolivia,No Change,['Oil'],0.0,Petroleum,US-China Relations,example_21_2.json,124
22/05/2023 14:07:57,Mexico,No Change,['Vehicles'],1.0,Cars,Oil Supply Shock,example_21_2.json,124
22/05/2023 14:08:54,Panama,['Oil'],No Change,0.0,Petroleum,Oil Supply Shock,example_21_2.json,125
22/05/2023 14:08:54,Bolivia,No Change,['Oil'],0.0,Petroleum,US-China Relations,example_21_2.json,125
22/05/2023 14:08:54,Mexico,No Change,['Vehicles'],1.0,Cars,Oil Supply Shock,example_21_2.json,125
22/05/2023 14:09:51,Panama,['Oil'],No Change,0.0,Petroleum,Oil Supply Shock,example_21_2.json,126
22/05/2023 14:09:51,Bolivia,No Change,['Oil'],0.0,Petroleum,US-China Relations,example_21_2.json,126
22/05/2023 14:09:51,Mexico,No Change,['Vehicles'],1.0,Cars,Oil Supply Shock,example_21_2.json,126
22/05/2023 14:10:44,Panama,['Oil'],No Change,0.0,Petroleum,Oil Supply Shock,example_21_2.json,127
22/05/2023 14:10:44,Bolivia,No Change,['Oil'],0.0,Petroleum,US-China Relations,example_21_2.json,127
22/05/2023 14:10:44,Mexico,No Change,['Vehicles'],1.0,Cars,Oil Supply Shock,example_21_2.json,127
22/05/2023 14:11:35,Panama,['Oil'],No Change,0.0,Petroleum,Oil Supply Shock,example_21_2.json,128
22/05/2023 14:11:35,Bolivia,No Change,['Oil'],0.0,Petroleum,US-China Relations,example_21_2.json,128
22/05/2023 14:11:35,Mexico,No Change,['Vehicles'],1.0,Cars,Oil Supply Shock,example_21_2.json,128
22/05/2023 14:12:29,Mexico,No Change,['Vehicles'],1.0,Cars,Oil Supply Shock,example_22_2.json,129
22/05/2023 14:12:29,Mexico,No Change,['Vehicles'],1.0,Cars,Oil Supply Shock,example_22_2.json,129
22/05/2023 14:12:29,Mexico,No Change,['Vehicles'],1.0,Cars,Oil Supply Shock,example_22_2.json,129
22/05/2023 14:12:29,Mexico,No Change,['Vehicles'],1.0,Cars,Oil Supply Shock,example_22_2.json,129
22/05/2023 14:12:29,Mexico,No Change,['Vehicles'],1.0,Cars,Oil Supply Shock,example_22_2.json,129
22/05/2023 14:13:19,Mexico,No Change,['Vehicles'],1.0,Cars,Oil Supply Shock,example_22_2.json,130
22/05/2023 14:13:19,Mexico,No Change,['Vehicles'],1.0,Cars,Oil Supply Shock,example_22_2.json,130
22/05/2023 14:13:19,Mexico,No Change,['Vehicles'],1.0,Cars,Oil Supply Shock,example_22_2.json,130
22/05/2023 14:13:19,Mexico,No Change,['Vehicles'],1.0,Cars,Oil Supply Shock,example_22_2.json,130
22/05/2023 14:13:19,Mexico,No Change,['Vehicles'],1.0,Cars,Oil Supply Shock,example_22_2.json,130
22/05/2023 14:14:09,Mexico,No Change,['Vehicles'],1.0,Cars,Oil Supply Shock,example_22_2.json,131
22/05/2023 14:14:09,Mexico,No Change,['Vehicles'],1.0,Cars,Oil Supply Shock,example_22_2.json,131
22/05/2023 14:14:09,Mexico,No Change,['Vehicles'],1.0,Cars,Oil Supply Shock,example_22_2.json,131
22/05/2023 14:14:09,Mexico,No Change,['Vehicles'],1.0,Cars,Oil Supply Shock,example_22_2.json,131
22/05/2023 14:14:09,Mexico,No Change,['Vehicles'],1.0,Cars,Oil Supply Shock,example_22_2.json,131
22/05/2023 14:14:59,Mexico,No Change,['Vehicles'],1.0,Cars,Oil Supply Shock,example_22_2.json,132
22/05/2023 14:14:59,Mexico,No Change,['Vehicles'],1.0,Cars,Oil Supply Shock,example_22_2.json,132
22/05/2023 14:14:59,Mexico,No Change,['Vehicles'],1.0,Cars,Oil Supply Shock,example_22_2.json,132
22/05/2023 14:14:59,Mexico,No Change,['Vehicles'],1.0,Cars,Oil Supply Shock,example_22_2.json,132
22/05/2023 14:14:59,Mexico,No Change,['Vehicles'],1.0,Cars,Oil Supply Shock,example_22_2.json,132
22/05/2023 14:15:49,Mexico,No Change,['Vehicles'],1.0,Cars,Oil Supply Shock,example_22_2.json,133
22/05/2023 14:15:49,Mexico,No Change,['Vehicles'],1.0,Cars,Oil Supply Shock,example_22_2.json,133
22/05/2023 14:15:49,Mexico,No Change,['Vehicles'],1.0,Cars,Oil Supply Shock,example_22_2.json,133
22/05/2023 14:15:49,Mexico,No Change,['Vehicles'],1.0,Cars,Oil Supply Shock,example_22_2.json,133
22/05/2023 14:15:49,Mexico,No Change,['Vehicles'],1.0,Cars,Oil Supply Shock,example_22_2.json,133
22/05/2023 14:16:39,Mexico,No Change,['Vehicles'],1.0,Cars,Oil Supply Shock,example_22_2.json,134
22/05/2023 14:16:39,Mexico,No Change,['Vehicles'],1.0,Cars,Oil Supply Shock,example_22_2.json,134
22/05/2023 14:16:39,Mexico,No Change,['Vehicles'],1.0,Cars,Oil Supply Shock,example_22_2.json,134
22/05/2023 14:16:39,Mexico,No Change,['Vehicles'],1.0,Cars,Oil Supply Shock,example_22_2.json,134
22/05/2023 14:16:39,Mexico,No Change,['Vehicles'],1.0,Cars,Oil Supply Shock,example_22_2.json,134
22/05/2023 14:17:29,Mexico,No Change,['Vehicles'],1.0,Cars,Oil Supply Shock,example_22_2.json,135
22/05/2023 14:17:29,Mexico,No Change,['Vehicles'],1.0,Cars,Oil Supply Shock,example_22_2.json,135
22/05/2023 14:17:29,Mexico,No Change,['Vehicles'],1.0,Cars,Oil Supply Shock,example_22_2.json,135
22/05/2023 14:17:29,Mexico,No Change,['Vehicles'],1.0,Cars,Oil Supply Shock,example_22_2.json,135
22/05/2023 14:17:29,Mexico,No Change,['Vehicles'],1.0,Cars,Oil Supply Shock,example_22_2.json,135
22/05/2023 14:18:19,Mexico,No Change,['Vehicles'],1.0,Cars,Oil Supply Shock,example_23_2.json,136
22/05/2023 14:18:19,Mexico,No Change,['Vehicles'],1.0,Cars,Oil Supply Shock,example_23_2.json,136
22/05/2023 14:18:19,Mexico,No Change,['Vehicles'],1.0,Cars,Oil Supply Shock,example_23_2.json,136
22/05/2023 14:19:16,Mexico,No Change,['Vehicles'],1.0,Cars,Oil Supply Shock,example_23_2.json,137
22/05/2023 14:19:16,Mexico,No Change,['Vehicles'],1.0,Cars,Oil Supply Shock,example_23_2.json,137
22/05/2023 14:19:16,Mexico,No Change,['Vehicles'],1.0,Cars,Oil Supply Shock,example_23_2.json,137
22/05/2023 14:20:09,Mexico,No Change,['Vehicles'],1.0,Cars,Oil Supply Shock,example_23_2.json,138
22/05/2023 14:20:09,Mexico,No Change,['Vehicles'],1.0,Cars,Oil Supply Shock,example_23_2.json,138
22/05/2023 14:20:09,Mexico,No Change,['Vehicles'],1.0,Cars,Oil Supply Shock,example_23_2.json,138
22/05/2023 14:21:00,Mexico,No Change,['Vehicles'],1.0,Cars,Oil Supply Shock,example_23_2.json,139
22/05/2023 14:21:00,Mexico,No Change,['Vehicles'],1.0,Cars,Oil Supply Shock,example_23_2.json,139
22/05/2023 14:21:00,Mexico,No Change,['Vehicles'],1.0,Cars,Oil Supply Shock,example_23_2.json,139
22/05/2023 14:21:52,Mexico,No Change,['Vehicles'],1.0,Cars,Oil Supply Shock,example_23_2.json,140
22/05/2023 14:21:52,Mexico,No Change,['Vehicles'],1.0,Cars,Oil Supply Shock,example_23_2.json,140
22/05/2023 14:21:52,Mexico,No Change,['Vehicles'],1.0,Cars,Oil Supply Shock,example_23_2.json,140
22/05/2023 14:22:41,Mexico,No Change,['Vehicles'],1.0,Cars,Oil Supply Shock,example_23_2.json,141
22/05/2023 14:22:41,Mexico,No Change,['Vehicles'],1.0,Cars,Oil Supply Shock,example_23_2.json,141
22/05/2023 14:22:41,Mexico,No Change,['Vehicles'],1.0,Cars,Oil Supply Shock,example_23_2.json,141
22/05/2023 14:23:32,Bolivia,No Change,['Oil'],0.0,Petroleum,US-China Relations,example_24_2.json,142
22/05/2023 14:24:22,Bolivia,No Change,['Oil'],0.0,Petroleum,US-China Relations,example_24_2.json,143
22/05/2023 14:25:11,Bolivia,No Change,['Oil'],0.0,Petroleum,US-China Relations,example_24_2.json,144
22/05/2023 14:26:02,Bolivia,No Change,['Oil'],0.0,Petroleum,US-China Relations,example_24_2.json,145
22/05/2023 14:26:55,Bolivia,No Change,['Oil'],0.0,Petroleum,US-China Relations,example_24_2.json,146
22/05/2023 14:27:46,Bolivia,No Change,['Oil'],0.0,Petroleum,US-China Relations,example_24_2.json,147
22/05/2023 14:28:38,Bolivia,No Change,['Oil'],0.0,Petroleum,US-China Relations,example_24_2.json,148
22/05/2023 14:29:29,Bolivia,No Change,['Oil'],0.0,Petroleum,US-China Relations,example_24_2.json,149
22/05/2023 14:30:22,Bolivia,No Change,['Oil'],0.0,Petroleum,US-China Relations,example_24_2.json,150
22/05/2023 14:31:16,Mexico,No Change,['Vehicles'],1.0,Cars,Oil Supply Shock,example_25_2.json,151
22/05/2023 14:31:16,Russia,['Oil'],No Change,1.0,Petroleum,Oil Supply Shock,example_25_2.json,151
22/05/2023 14:31:16,Bolivia,No Change,['Oil'],0.0,Petroleum,US-China Relations,example_25_2.json,151
22/05/2023 14:31:16,Mexico,No Change,['Vehicles'],1.0,Cars,Oil Supply Shock,example_25_2.json,151
22/05/2023 14:31:16,Mexico,No Change,['Vehicles'],1.0,Cars,Oil Supply Shock,example_25_2.json,151
22/05/2023 14:31:16,Bolivia,No Change,['Oil'],0.0,Petroleum,US-China Relations,example_25_2.json,151
22/05/2023 14:31:16,Mexico,No Change,['Vehicles'],1.0,Cars,Oil Supply Shock,example_25_2.json,151
22/05/2023 14:31:16,Mexico,No Change,['Vehicles'],1.0,Cars,Oil Supply Shock,example_25_2.json,151
22/05/2023 14:32:13,Mexico,No Change,['Vehicles'],1.0,Cars,Oil Supply Shock,example_25_2.json,152
22/05/2023 14:32:13,Russia,['Oil'],No Change,1.0,Petroleum,Oil Supply Shock,example_25_2.json,152
22/05/2023 14:32:13,Bolivia,No Change,['Oil'],0.0,Petroleum,US-China Relations,example_25_2.json,152
22/05/2023 14:32:13,Mexico,No Change,['Vehicles'],1.0,Cars,Oil Supply Shock,example_25_2.json,152
22/05/2023 14:32:13,Mexico,No Change,['Vehicles'],1.0,Cars,Oil Supply Shock,example_25_2.json,152
22/05/2023 14:32:13,Bolivia,No Change,['Oil'],0.0,Petroleum,US-China Relations,example_25_2.json,152
22/05/2023 14:32:13,Mexico,No Change,['Vehicles'],1.0,Cars,Oil Supply Shock,example_25_2.json,152
22/05/2023 14:32:13,Mexico,No Change,['Vehicles'],1.0,Cars,Oil Supply Shock,example_25_2.json,152
22/05/2023 14:33:05,Mexico,No Change,['Vehicles'],1.0,Cars,Oil Supply Shock,example_25_2.json,153
22/05/2023 14:33:05,Russia,['Oil'],No Change,1.0,Petroleum,Oil Supply Shock,example_25_2.json,153
22/05/2023 14:33:05,Bolivia,No Change,['Oil'],0.0,Petroleum,US-China Relations,example_25_2.json,153
22/05/2023 14:33:05,Mexico,No Change,['Vehicles'],1.0,Cars,Oil Supply Shock,example_25_2.json,153
22/05/2023 14:33:05,Mexico,No Change,['Vehicles'],1.0,Cars,Oil Supply Shock,example_25_2.json,153
22/05/2023 14:33:05,Bolivia,No Change,['Oil'],0.0,Petroleum,US-China Relations,example_25_2.json,153
22/05/2023 14:33:05,Mexico,No Change,['Vehicles'],1.0,Cars,Oil Supply Shock,example_25_2.json,153
22/05/2023 14:33:05,Mexico,No Change,['Vehicles'],1.0,Cars,Oil Supply Shock,example_25_2.json,153
22/05/2023 14:33:56,Mexico,No Change,['Vehicles'],1.0,Cars,Oil Supply Shock,example_25_2.json,154
22/05/2023 14:33:56,Russia,['Oil'],No Change,1.0,Petroleum,Oil Supply Shock,example_25_2.json,154
22/05/2023 14:33:56,Bolivia,No Change,['Oil'],0.0,Petroleum,US-China Relations,example_25_2.json,154
22/05/2023 14:33:56,Mexico,No Change,['Vehicles'],1.0,Cars,Oil Supply Shock,example_25_2.json,154
22/05/2023 14:33:56,Mexico,No Change,['Vehicles'],1.0,Cars,Oil Supply Shock,example_25_2.json,154
22/05/2023 14:33:56,Bolivia,No Change,['Oil'],0.0,Petroleum,US-China Relations,example_25_2.json,154
22/05/2023 14:33:56,Mexico,No Change,['Vehicles'],1.0,Cars,Oil Supply Shock,example_25_2.json,154
22/05/2023 14:33:56,Mexico,No Change,['Vehicles'],1.0,Cars,Oil Supply Shock,example_25_2.json,154
22/05/2023 14:34:47,Mexico,No Change,['Vehicles'],1.0,Cars,Oil Supply Shock,example_25_2.json,155
22/05/2023 14:34:47,Russia,['Oil'],No Change,1.0,Petroleum,Oil Supply Shock,example_25_2.json,155
22/05/2023 14:34:47,Bolivia,No Change,['Oil'],0.0,Petroleum,US-China Relations,example_25_2.json,155
22/05/2023 14:34:47,Mexico,No Change,['Vehicles'],1.0,Cars,Oil Supply Shock,example_25_2.json,155
22/05/2023 14:34:47,Mexico,No Change,['Vehicles'],1.0,Cars,Oil Supply Shock,example_25_2.json,155
22/05/2023 14:34:47,Bolivia,No Change,['Oil'],0.0,Petroleum,US-China Relations,example_25_2.json,155
22/05/2023 14:34:47,Mexico,No Change,['Vehicles'],1.0,Cars,Oil Supply Shock,example_25_2.json,155
22/05/2023 14:34:47,Mexico,No Change,['Vehicles'],1.0,Cars,Oil Supply Shock,example_25_2.json,155
22/05/2023 14:35:42,Mexico,No Change,['Vehicles'],1.0,Cars,Oil Supply Shock,example_25_2.json,156
22/05/2023 14:35:42,Russia,['Oil'],No Change,1.0,Petroleum,Oil Supply Shock,example_25_2.json,156
22/05/2023 14:35:42,Bolivia,No Change,['Oil'],0.0,Petroleum,US-China Relations,example_25_2.json,156
22/05/2023 14:35:42,Mexico,No Change,['Vehicles'],1.0,Cars,Oil Supply Shock,example_25_2.json,156
22/05/2023 14:35:42,Mexico,No Change,['Vehicles'],1.0,Cars,Oil Supply Shock,example_25_2.json,156
22/05/2023 14:35:42,Bolivia,No Change,['Oil'],0.0,Petroleum,US-China Relations,example_25_2.json,156
22/05/2023 14:35:42,Mexico,No Change,['Vehicles'],1.0,Cars,Oil Supply Shock,example_25_2.json,156
22/05/2023 14:35:42,Mexico,No Change,['Vehicles'],1.0,Cars,Oil Supply Shock,example_25_2.json,156
22/05/2023 14:36:33,Mexico,No Change,['Vehicles'],1.0,Cars,Oil Supply Shock,example_25_2.json,157
22/05/2023 14:36:33,Russia,['Oil'],No Change,1.0,Petroleum,Oil Supply Shock,example_25_2.json,157
22/05/2023 14:36:33,Bolivia,No Change,['Oil'],0.0,Petroleum,US-China Relations,example_25_2.json,157
22/05/2023 14:36:33,Mexico,No Change,['Vehicles'],1.0,Cars,Oil Supply Shock,example_25_2.json,157
22/05/2023 14:36:33,Mexico,No Change,['Vehicles'],1.0,Cars,Oil Supply Shock,example_25_2.json,157
22/05/2023 14:36:33,Bolivia,No Change,['Oil'],0.0,Petroleum,US-China Relations,example_25_2.json,157
22/05/2023 14:36:33,Mexico,No Change,['Vehicles'],1.0,Cars,Oil Supply Shock,example_25_2.json,157
22/05/2023 14:36:33,Mexico,No Change,['Vehicles'],1.0,Cars,Oil Supply Shock,example_25_2.json,157
22/05/2023 14:37:23,Mexico,No Change,['Vehicles'],1.0,Cars,Oil Supply Shock,example_25_2.json,158
22/05/2023 14:37:23,Russia,['Oil'],No Change,1.0,Petroleum,Oil Supply Shock,example_25_2.json,158
22/05/2023 14:37:23,Bolivia,No Change,['Oil'],0.0,Petroleum,US-China Relations,example_25_2.json,158
22/05/2023 14:37:23,Mexico,No Change,['Vehicles'],1.0,Cars,Oil Supply Shock,example_25_2.json,158
22/05/2023 14:37:23,Mexico,No Change,['Vehicles'],1.0,Cars,Oil Supply Shock,example_25_2.json,158
22/05/2023 14:37:23,Bolivia,No Change,['Oil'],0.0,Petroleum,US-China Relations,example_25_2.json,158
22/05/2023 14:37:23,Mexico,No Change,['Vehicles'],1.0,Cars,Oil Supply Shock,example_25_2.json,158
22/05/2023 14:37:23,Mexico,No Change,['Vehicles'],1.0,Cars,Oil Supply Shock,example_25_2.json,158
22/05/2023 14:38:15,Mexico,No Change,['Vehicles'],1.0,Cars,Oil Supply Shock,example_26_2.json,159
22/05/2023 14:38:15,Mexico,No Change,['Vehicles'],1.0,Cars,Oil Supply Shock,example_26_2.json,159
22/05/2023 14:38:15,Mexico,No Change,['Vehicles'],1.0,Cars,Oil Supply Shock,example_26_2.json,159
22/05/2023 14:38:15,Bolivia,No Change,['Oil'],0.0,Petroleum,US-China Relations,example_26_2.json,159
22/05/2023 14:38:15,Mexico,No Change,['Vehicles'],1.0,Cars,Oil Supply Shock,example_26_2.json,159
22/05/2023 14:38:15,Mexico,No Change,['Vehicles'],1.0,Cars,Oil Supply Shock,example_26_2.json,159
22/05/2023 14:39:14,Mexico,No Change,['Vehicles'],1.0,Cars,Oil Supply Shock,example_26_2.json,160
22/05/2023 14:39:14,Mexico,No Change,['Vehicles'],1.0,Cars,Oil Supply Shock,example_26_2.json,160
22/05/2023 14:39:14,Mexico,No Change,['Vehicles'],1.0,Cars,Oil Supply Shock,example_26_2.json,160
22/05/2023 14:39:14,Bolivia,No Change,['Oil'],0.0,Petroleum,US-China Relations,example_26_2.json,160
22/05/2023 14:39:14,Mexico,No Change,['Vehicles'],1.0,Cars,Oil Supply Shock,example_26_2.json,160
22/05/2023 14:39:14,Mexico,No Change,['Vehicles'],1.0,Cars,Oil Supply Shock,example_26_2.json,160
22/05/2023 14:40:08,Mexico,No Change,['Vehicles'],1.0,Cars,Oil Supply Shock,example_26_2.json,161
22/05/2023 14:40:08,Mexico,No Change,['Vehicles'],1.0,Cars,Oil Supply Shock,example_26_2.json,161
22/05/2023 14:40:08,Mexico,No Change,['Vehicles'],1.0,Cars,Oil Supply Shock,example_26_2.json,161
22/05/2023 14:40:08,Bolivia,No Change,['Oil'],0.0,Petroleum,US-China Relations,example_26_2.json,161
22/05/2023 14:40:08,Mexico,No Change,['Vehicles'],1.0,Cars,Oil Supply Shock,example_26_2.json,161
22/05/2023 14:40:08,Mexico,No Change,['Vehicles'],1.0,Cars,Oil Supply Shock,example_26_2.json,161
22/05/2023 14:41:02,Mexico,No Change,['Vehicles'],1.0,Cars,Oil Supply Shock,example_26_2.json,162
22/05/2023 14:41:02,Mexico,No Change,['Vehicles'],1.0,Cars,Oil Supply Shock,example_26_2.json,162
22/05/2023 14:41:02,Mexico,No Change,['Vehicles'],1.0,Cars,Oil Supply Shock,example_26_2.json,162
22/05/2023 14:41:02,Bolivia,No Change,['Oil'],0.0,Petroleum,US-China Relations,example_26_2.json,162
22/05/2023 14:41:02,Mexico,No Change,['Vehicles'],1.0,Cars,Oil Supply Shock,example_26_2.json,162
22/05/2023 14:41:02,Mexico,No Change,['Vehicles'],1.0,Cars,Oil Supply Shock,example_26_2.json,162
22/05/2023 14:41:56,Mexico,No Change,['Vehicles'],1.0,Cars,Oil Supply Shock,example_26_2.json,163
22/05/2023 14:41:56,Mexico,No Change,['Vehicles'],1.0,Cars,Oil Supply Shock,example_26_2.json,163
22/05/2023 14:41:56,Mexico,No Change,['Vehicles'],1.0,Cars,Oil Supply Shock,example_26_2.json,163
22/05/2023 14:41:56,Bolivia,No Change,['Oil'],0.0,Petroleum,US-China Relations,example_26_2.json,163
22/05/2023 14:41:56,Mexico,No Change,['Vehicles'],1.0,Cars,Oil Supply Shock,example_26_2.json,163
22/05/2023 14:41:56,Mexico,No Change,['Vehicles'],1.0,Cars,Oil Supply Shock,example_26_2.json,163
22/05/2023 14:42:52,Mexico,No Change,['Vehicles'],1.0,Cars,Oil Supply Shock,example_26_2.json,164
22/05/2023 14:42:52,Mexico,No Change,['Vehicles'],1.0,Cars,Oil Supply Shock,example_26_2.json,164
22/05/2023 14:42:52,Mexico,No Change,['Vehicles'],1.0,Cars,Oil Supply Shock,example_26_2.json,164
22/05/2023 14:42:52,Bolivia,No Change,['Oil'],0.0,Petroleum,US-China Relations,example_26_2.json,164
22/05/2023 14:42:52,Mexico,No Change,['Vehicles'],1.0,Cars,Oil Supply Shock,example_26_2.json,164
22/05/2023 14:42:52,Mexico,No Change,['Vehicles'],1.0,Cars,Oil Supply Shock,example_26_2.json,164
22/05/2023 14:43:48,Mexico,No Change,['Vehicles'],1.0,Cars,Oil Supply Shock,example_26_2.json,165
22/05/2023 14:43:48,Mexico,No Change,['Vehicles'],1.0,Cars,Oil Supply Shock,example_26_2.json,165
22/05/2023 14:43:48,Mexico,No Change,['Vehicles'],1.0,Cars,Oil Supply Shock,example_26_2.json,165
22/05/2023 14:43:48,Bolivia,No Change,['Oil'],0.0,Petroleum,US-China Relations,example_26_2.json,165
22/05/2023 14:43:48,Mexico,No Change,['Vehicles'],1.0,Cars,Oil Supply Shock,example_26_2.json,165
22/05/2023 14:43:48,Mexico,No Change,['Vehicles'],1.0,Cars,Oil Supply Shock,example_26_2.json,165
22/05/2023 14:44:44,Mexico,No Change,['Vehicles'],1.0,Cars,Oil Supply Shock,example_27_2.json,166
22/05/2023 14:44:44,Bolivia,No Change,['Oil'],0.0,Petroleum,US-China Relations,example_27_2.json,166
22/05/2023 14:44:44,Mexico,No Change,['Vehicles'],1.0,Cars,Oil Supply Shock,example_27_2.json,166
22/05/2023 14:44:44,Bolivia,No Change,['Oil'],0.0,Petroleum,US-China Relations,example_27_2.json,166
22/05/2023 14:44:44,Mexico,No Change,['Vehicles'],1.0,Cars,Oil Supply Shock,example_27_2.json,166
22/05/2023 14:44:44,Mexico,No Change,['Vehicles'],1.0,Cars,Oil Supply Shock,example_27_2.json,166
22/05/2023 14:45:46,Mexico,No Change,['Vehicles'],1.0,Cars,Oil Supply Shock,example_27_2.json,167
22/05/2023 14:45:46,Bolivia,No Change,['Oil'],0.0,Petroleum,US-China Relations,example_27_2.json,167
22/05/2023 14:45:46,Mexico,No Change,['Vehicles'],1.0,Cars,Oil Supply Shock,example_27_2.json,167
22/05/2023 14:45:46,Bolivia,No Change,['Oil'],0.0,Petroleum,US-China Relations,example_27_2.json,167
22/05/2023 14:45:46,Mexico,No Change,['Vehicles'],1.0,Cars,Oil Supply Shock,example_27_2.json,167
22/05/2023 14:45:46,Mexico,No Change,['Vehicles'],1.0,Cars,Oil Supply Shock,example_27_2.json,167
22/05/2023 14:46:36,Mexico,No Change,['Vehicles'],1.0,Cars,Oil Supply Shock,example_27_2.json,168
22/05/2023 14:46:36,Bolivia,No Change,['Oil'],0.0,Petroleum,US-China Relations,example_27_2.json,168
22/05/2023 14:46:36,Mexico,No Change,['Vehicles'],1.0,Cars,Oil Supply Shock,example_27_2.json,168
22/05/2023 14:46:36,Bolivia,No Change,['Oil'],0.0,Petroleum,US-China Relations,example_27_2.json,168
22/05/2023 14:46:36,Mexico,No Change,['Vehicles'],1.0,Cars,Oil Supply Shock,example_27_2.json,168
22/05/2023 14:46:36,Mexico,No Change,['Vehicles'],1.0,Cars,Oil Supply Shock,example_27_2.json,168
22/05/2023 14:47:59,Mexico,No Change,['Vehicles'],1.0,Cars,Oil Supply Shock,example_27_2.json,169
22/05/2023 14:47:59,Bolivia,No Change,['Oil'],0.0,Petroleum,US-China Relations,example_27_2.json,169
22/05/2023 14:47:59,Mexico,No Change,['Vehicles'],1.0,Cars,Oil Supply Shock,example_27_2.json,169
22/05/2023 14:47:59,Bolivia,No Change,['Oil'],0.0,Petroleum,US-China Relations,example_27_2.json,169
22/05/2023 14:47:59,Mexico,No Change,['Vehicles'],1.0,Cars,Oil Supply Shock,example_27_2.json,169
22/05/2023 14:47:59,Mexico,No Change,['Vehicles'],1.0,Cars,Oil Supply Shock,example_27_2.json,169
