"","date","hits","keyword","geo","time","gprop","category"
"1",2021-12-01,0,"Russian Mobilization","world","2021-12-01 2022-04-30","web",0
"2",2021-12-02,0,"Russian Mobilization","world","2021-12-01 2022-04-30","web",0
"3",2021-12-03,0,"Russian Mobilization","world","2021-12-01 2022-04-30","web",0
"4",2021-12-04,28,"Russian Mobilization","world","2021-12-01 2022-04-30","web",0
"5",2021-12-05,0,"Russian Mobilization","world","2021-12-01 2022-04-30","web",0
"6",2021-12-06,19,"Russian Mobilization","world","2021-12-01 2022-04-30","web",0
"7",2021-12-07,0,"Russian Mobilization","world","2021-12-01 2022-04-30","web",0
"8",2021-12-08,0,"Russian Mobilization","world","2021-12-01 2022-04-30","web",0
"9",2021-12-09,0,"Russian Mobilization","world","2021-12-01 2022-04-30","web",0
"10",2021-12-10,0,"Russian Mobilization","world","2021-12-01 2022-04-30","web",0
"11",2021-12-11,30,"Russian Mobilization","world","2021-12-01 2022-04-30","web",0
"12",2021-12-12,30,"Russian Mobilization","world","2021-12-01 2022-04-30","web",0
"13",2021-12-13,0,"Russian Mobilization","world","2021-12-01 2022-04-30","web",0
"14",2021-12-14,0,"Russian Mobilization","world","2021-12-01 2022-04-30","web",0
"15",2021-12-15,0,"Russian Mobilization","world","2021-12-01 2022-04-30","web",0
"16",2021-12-16,29,"Russian Mobilization","world","2021-12-01 2022-04-30","web",0
"17",2021-12-17,0,"Russian Mobilization","world","2021-12-01 2022-04-30","web",0
"18",2021-12-18,24,"Russian Mobilization","world","2021-12-01 2022-04-30","web",0
"19",2021-12-19,0,"Russian Mobilization","world","2021-12-01 2022-04-30","web",0
"20",2021-12-20,0,"Russian Mobilization","world","2021-12-01 2022-04-30","web",0
"21",2021-12-21,22,"Russian Mobilization","world","2021-12-01 2022-04-30","web",0
"22",2021-12-22,39,"Russian Mobilization","world","2021-12-01 2022-04-30","web",0
"23",2021-12-23,46,"Russian Mobilization","world","2021-12-01 2022-04-30","web",0
"24",2021-12-24,0,"Russian Mobilization","world","2021-12-01 2022-04-30","web",0
"25",2021-12-25,35,"Russian Mobilization","world","2021-12-01 2022-04-30","web",0
"26",2021-12-26,47,"Russian Mobilization","world","2021-12-01 2022-04-30","web",0
"27",2021-12-27,0,"Russian Mobilization","world","2021-12-01 2022-04-30","web",0
"28",2021-12-28,0,"Russian Mobilization","world","2021-12-01 2022-04-30","web",0
"29",2021-12-29,0,"Russian Mobilization","world","2021-12-01 2022-04-30","web",0
"30",2021-12-30,0,"Russian Mobilization","world","2021-12-01 2022-04-30","web",0
"31",2021-12-31,0,"Russian Mobilization","world","2021-12-01 2022-04-30","web",0
"32",2022-01-01,0,"Russian Mobilization","world","2021-12-01 2022-04-30","web",0
"33",2022-01-02,0,"Russian Mobilization","world","2021-12-01 2022-04-30","web",0
"34",2022-01-03,27,"Russian Mobilization","world","2021-12-01 2022-04-30","web",0
"35",2022-01-04,40,"Russian Mobilization","world","2021-12-01 2022-04-30","web",0
"36",2022-01-05,63,"Russian Mobilization","world","2021-12-01 2022-04-30","web",0
"37",2022-01-06,0,"Russian Mobilization","world","2021-12-01 2022-04-30","web",0
"38",2022-01-07,0,"Russian Mobilization","world","2021-12-01 2022-04-30","web",0
"39",2022-01-08,25,"Russian Mobilization","world","2021-12-01 2022-04-30","web",0
"40",2022-01-09,0,"Russian Mobilization","world","2021-12-01 2022-04-30","web",0
"41",2022-01-10,0,"Russian Mobilization","world","2021-12-01 2022-04-30","web",0
"42",2022-01-11,0,"Russian Mobilization","world","2021-12-01 2022-04-30","web",0
"43",2022-01-12,0,"Russian Mobilization","world","2021-12-01 2022-04-30","web",0
"44",2022-01-13,0,"Russian Mobilization","world","2021-12-01 2022-04-30","web",0
"45",2022-01-14,0,"Russian Mobilization","world","2021-12-01 2022-04-30","web",0
"46",2022-01-15,0,"Russian Mobilization","world","2021-12-01 2022-04-30","web",0
"47",2022-01-16,0,"Russian Mobilization","world","2021-12-01 2022-04-30","web",0
"48",2022-01-17,0,"Russian Mobilization","world","2021-12-01 2022-04-30","web",0
"49",2022-01-18,39,"Russian Mobilization","world","2021-12-01 2022-04-30","web",0
"50",2022-01-19,0,"Russian Mobilization","world","2021-12-01 2022-04-30","web",0
"51",2022-01-20,57,"Russian Mobilization","world","2021-12-01 2022-04-30","web",0
"52",2022-01-21,0,"Russian Mobilization","world","2021-12-01 2022-04-30","web",0
"53",2022-01-22,0,"Russian Mobilization","world","2021-12-01 2022-04-30","web",0
"54",2022-01-23,0,"Russian Mobilization","world","2021-12-01 2022-04-30","web",0
"55",2022-01-24,30,"Russian Mobilization","world","2021-12-01 2022-04-30","web",0
"56",2022-01-25,0,"Russian Mobilization","world","2021-12-01 2022-04-30","web",0
"57",2022-01-26,0,"Russian Mobilization","world","2021-12-01 2022-04-30","web",0
"58",2022-01-27,0,"Russian Mobilization","world","2021-12-01 2022-04-30","web",0
"59",2022-01-28,0,"Russian Mobilization","world","2021-12-01 2022-04-30","web",0
"60",2022-01-29,0,"Russian Mobilization","world","2021-12-01 2022-04-30","web",0
"61",2022-01-30,0,"Russian Mobilization","world","2021-12-01 2022-04-30","web",0
"62",2022-01-31,24,"Russian Mobilization","world","2021-12-01 2022-04-30","web",0
"63",2022-02-01,20,"Russian Mobilization","world","2021-12-01 2022-04-30","web",0
"64",2022-02-02,37,"Russian Mobilization","world","2021-12-01 2022-04-30","web",0
"65",2022-02-03,25,"Russian Mobilization","world","2021-12-01 2022-04-30","web",0
"66",2022-02-04,39,"Russian Mobilization","world","2021-12-01 2022-04-30","web",0
"67",2022-02-05,0,"Russian Mobilization","world","2021-12-01 2022-04-30","web",0
"68",2022-02-06,0,"Russian Mobilization","world","2021-12-01 2022-04-30","web",0
"69",2022-02-07,0,"Russian Mobilization","world","2021-12-01 2022-04-30","web",0
"70",2022-02-08,0,"Russian Mobilization","world","2021-12-01 2022-04-30","web",0
"71",2022-02-09,0,"Russian Mobilization","world","2021-12-01 2022-04-30","web",0
"72",2022-02-10,0,"Russian Mobilization","world","2021-12-01 2022-04-30","web",0
"73",2022-02-11,0,"Russian Mobilization","world","2021-12-01 2022-04-30","web",0
"74",2022-02-12,0,"Russian Mobilization","world","2021-12-01 2022-04-30","web",0
"75",2022-02-13,0,"Russian Mobilization","world","2021-12-01 2022-04-30","web",0
"76",2022-02-14,0,"Russian Mobilization","world","2021-12-01 2022-04-30","web",0
"77",2022-02-15,0,"Russian Mobilization","world","2021-12-01 2022-04-30","web",0
"78",2022-02-16,19,"Russian Mobilization","world","2021-12-01 2022-04-30","web",0
"79",2022-02-17,0,"Russian Mobilization","world","2021-12-01 2022-04-30","web",0
"80",2022-02-18,0,"Russian Mobilization","world","2021-12-01 2022-04-30","web",0
"81",2022-02-19,0,"Russian Mobilization","world","2021-12-01 2022-04-30","web",0
"82",2022-02-20,39,"Russian Mobilization","world","2021-12-01 2022-04-30","web",0
"83",2022-02-21,0,"Russian Mobilization","world","2021-12-01 2022-04-30","web",0
"84",2022-02-22,0,"Russian Mobilization","world","2021-12-01 2022-04-30","web",0
"85",2022-02-23,17,"Russian Mobilization","world","2021-12-01 2022-04-30","web",0
"86",2022-02-24,60,"Russian Mobilization","world","2021-12-01 2022-04-30","web",0
"87",2022-02-25,36,"Russian Mobilization","world","2021-12-01 2022-04-30","web",0
"88",2022-02-26,0,"Russian Mobilization","world","2021-12-01 2022-04-30","web",0
"89",2022-02-27,0,"Russian Mobilization","world","2021-12-01 2022-04-30","web",0
"90",2022-02-28,0,"Russian Mobilization","world","2021-12-01 2022-04-30","web",0
"91",2022-03-01,0,"Russian Mobilization","world","2021-12-01 2022-04-30","web",0
"92",2022-03-02,0,"Russian Mobilization","world","2021-12-01 2022-04-30","web",0
"93",2022-03-03,18,"Russian Mobilization","world","2021-12-01 2022-04-30","web",0
"94",2022-03-04,29,"Russian Mobilization","world","2021-12-01 2022-04-30","web",0
"95",2022-03-05,0,"Russian Mobilization","world","2021-12-01 2022-04-30","web",0
"96",2022-03-06,0,"Russian Mobilization","world","2021-12-01 2022-04-30","web",0
"97",2022-03-07,17,"Russian Mobilization","world","2021-12-01 2022-04-30","web",0
"98",2022-03-08,0,"Russian Mobilization","world","2021-12-01 2022-04-30","web",0
"99",2022-03-09,0,"Russian Mobilization","world","2021-12-01 2022-04-30","web",0
"100",2022-03-10,17,"Russian Mobilization","world","2021-12-01 2022-04-30","web",0
"101",2022-03-11,0,"Russian Mobilization","world","2021-12-01 2022-04-30","web",0
"102",2022-03-12,0,"Russian Mobilization","world","2021-12-01 2022-04-30","web",0
"103",2022-03-13,0,"Russian Mobilization","world","2021-12-01 2022-04-30","web",0
"104",2022-03-14,0,"Russian Mobilization","world","2021-12-01 2022-04-30","web",0
"105",2022-03-15,0,"Russian Mobilization","world","2021-12-01 2022-04-30","web",0
"106",2022-03-16,23,"Russian Mobilization","world","2021-12-01 2022-04-30","web",0
"107",2022-03-17,0,"Russian Mobilization","world","2021-12-01 2022-04-30","web",0
"108",2022-03-18,0,"Russian Mobilization","world","2021-12-01 2022-04-30","web",0
"109",2022-03-19,0,"Russian Mobilization","world","2021-12-01 2022-04-30","web",0
"110",2022-03-20,0,"Russian Mobilization","world","2021-12-01 2022-04-30","web",0
"111",2022-03-21,0,"Russian Mobilization","world","2021-12-01 2022-04-30","web",0
"112",2022-03-22,20,"Russian Mobilization","world","2021-12-01 2022-04-30","web",0
"113",2022-03-23,0,"Russian Mobilization","world","2021-12-01 2022-04-30","web",0
"114",2022-03-24,0,"Russian Mobilization","world","2021-12-01 2022-04-30","web",0
"115",2022-03-25,0,"Russian Mobilization","world","2021-12-01 2022-04-30","web",0
"116",2022-03-26,0,"Russian Mobilization","world","2021-12-01 2022-04-30","web",0
"117",2022-03-27,0,"Russian Mobilization","world","2021-12-01 2022-04-30","web",0
"118",2022-03-28,0,"Russian Mobilization","world","2021-12-01 2022-04-30","web",0
"119",2022-03-29,0,"Russian Mobilization","world","2021-12-01 2022-04-30","web",0
"120",2022-03-30,31,"Russian Mobilization","world","2021-12-01 2022-04-30","web",0
"121",2022-03-31,0,"Russian Mobilization","world","2021-12-01 2022-04-30","web",0
"122",2022-04-01,29,"Russian Mobilization","world","2021-12-01 2022-04-30","web",0
"123",2022-04-02,0,"Russian Mobilization","world","2021-12-01 2022-04-30","web",0
"124",2022-04-03,0,"Russian Mobilization","world","2021-12-01 2022-04-30","web",0
"125",2022-04-04,39,"Russian Mobilization","world","2021-12-01 2022-04-30","web",0
"126",2022-04-05,28,"Russian Mobilization","world","2021-12-01 2022-04-30","web",0
"127",2022-04-06,64,"Russian Mobilization","world","2021-12-01 2022-04-30","web",0
"128",2022-04-07,0,"Russian Mobilization","world","2021-12-01 2022-04-30","web",0
"129",2022-04-08,24,"Russian Mobilization","world","2021-12-01 2022-04-30","web",0
"130",2022-04-09,0,"Russian Mobilization","world","2021-12-01 2022-04-30","web",0
"131",2022-04-10,29,"Russian Mobilization","world","2021-12-01 2022-04-30","web",0
"132",2022-04-11,27,"Russian Mobilization","world","2021-12-01 2022-04-30","web",0
"133",2022-04-12,31,"Russian Mobilization","world","2021-12-01 2022-04-30","web",0
"134",2022-04-13,100,"Russian Mobilization","world","2021-12-01 2022-04-30","web",0
"135",2022-04-14,0,"Russian Mobilization","world","2021-12-01 2022-04-30","web",0
"136",2022-04-15,0,"Russian Mobilization","world","2021-12-01 2022-04-30","web",0
"137",2022-04-16,16,"Russian Mobilization","world","2021-12-01 2022-04-30","web",0
"138",2022-04-17,0,"Russian Mobilization","world","2021-12-01 2022-04-30","web",0
"139",2022-04-18,0,"Russian Mobilization","world","2021-12-01 2022-04-30","web",0
"140",2022-04-19,19,"Russian Mobilization","world","2021-12-01 2022-04-30","web",0
"141",2022-04-20,18,"Russian Mobilization","world","2021-12-01 2022-04-30","web",0
"142",2022-04-21,0,"Russian Mobilization","world","2021-12-01 2022-04-30","web",0
"143",2022-04-22,0,"Russian Mobilization","world","2021-12-01 2022-04-30","web",0
"144",2022-04-23,0,"Russian Mobilization","world","2021-12-01 2022-04-30","web",0
"145",2022-04-24,42,"Russian Mobilization","world","2021-12-01 2022-04-30","web",0
"146",2022-04-25,0,"Russian Mobilization","world","2021-12-01 2022-04-30","web",0
"147",2022-04-26,51,"Russian Mobilization","world","2021-12-01 2022-04-30","web",0
"148",2022-04-27,0,"Russian Mobilization","world","2021-12-01 2022-04-30","web",0
"149",2022-04-28,21,"Russian Mobilization","world","2021-12-01 2022-04-30","web",0
"150",2022-04-29,0,"Russian Mobilization","world","2021-12-01 2022-04-30","web",0
"151",2022-04-30,0,"Russian Mobilization","world","2021-12-01 2022-04-30","web",0
