"","date","hits","keyword","geo","time","gprop","category"
"1",2023-06-01 18:37:00,18,"Reconnaisance","world","now 4-H","web",0
"2",2023-06-01 18:38:00,0,"Reconnaisance","world","now 4-H","web",0
"3",2023-06-01 18:39:00,0,"Reconnaisance","world","now 4-H","web",0
"4",2023-06-01 18:40:00,0,"Reconnaisance","world","now 4-H","web",0
"5",2023-06-01 18:41:00,0,"Reconnaisance","world","now 4-H","web",0
"6",2023-06-01 18:42:00,0,"Reconnaisance","world","now 4-H","web",0
"7",2023-06-01 18:43:00,0,"Reconnaisance","world","now 4-H","web",0
"8",2023-06-01 18:44:00,0,"Reconnaisance","world","now 4-H","web",0
"9",2023-06-01 18:45:00,0,"Reconnaisance","world","now 4-H","web",0
"10",2023-06-01 18:46:00,0,"Reconnaisance","world","now 4-H","web",0
"11",2023-06-01 18:47:00,0,"Reconnaisance","world","now 4-H","web",0
"12",2023-06-01 18:48:00,0,"Reconnaisance","world","now 4-H","web",0
"13",2023-06-01 18:49:00,0,"Reconnaisance","world","now 4-H","web",0
"14",2023-06-01 18:50:00,53,"Reconnaisance","world","now 4-H","web",0
"15",2023-06-01 18:51:00,0,"Reconnaisance","world","now 4-H","web",0
"16",2023-06-01 18:52:00,0,"Reconnaisance","world","now 4-H","web",0
"17",2023-06-01 18:53:00,0,"Reconnaisance","world","now 4-H","web",0
"18",2023-06-01 18:54:00,0,"Reconnaisance","world","now 4-H","web",0
"19",2023-06-01 18:55:00,76,"Reconnaisance","world","now 4-H","web",0
"20",2023-06-01 18:56:00,0,"Reconnaisance","world","now 4-H","web",0
"21",2023-06-01 18:57:00,0,"Reconnaisance","world","now 4-H","web",0
"22",2023-06-01 18:58:00,0,"Reconnaisance","world","now 4-H","web",0
"23",2023-06-01 18:59:00,0,"Reconnaisance","world","now 4-H","web",0
"24",2023-06-01 19:00:00,25,"Reconnaisance","world","now 4-H","web",0
"25",2023-06-01 19:01:00,19,"Reconnaisance","world","now 4-H","web",0
"26",2023-06-01 19:02:00,0,"Reconnaisance","world","now 4-H","web",0
"27",2023-06-01 19:03:00,0,"Reconnaisance","world","now 4-H","web",0
"28",2023-06-01 19:04:00,0,"Reconnaisance","world","now 4-H","web",0
"29",2023-06-01 19:05:00,0,"Reconnaisance","world","now 4-H","web",0
"30",2023-06-01 19:06:00,0,"Reconnaisance","world","now 4-H","web",0
"31",2023-06-01 19:07:00,0,"Reconnaisance","world","now 4-H","web",0
"32",2023-06-01 19:08:00,22,"Reconnaisance","world","now 4-H","web",0
"33",2023-06-01 19:09:00,0,"Reconnaisance","world","now 4-H","web",0
"34",2023-06-01 19:10:00,0,"Reconnaisance","world","now 4-H","web",0
"35",2023-06-01 19:11:00,0,"Reconnaisance","world","now 4-H","web",0
"36",2023-06-01 19:12:00,0,"Reconnaisance","world","now 4-H","web",0
"37",2023-06-01 19:13:00,0,"Reconnaisance","world","now 4-H","web",0
"38",2023-06-01 19:14:00,73,"Reconnaisance","world","now 4-H","web",0
"39",2023-06-01 19:15:00,0,"Reconnaisance","world","now 4-H","web",0
"40",2023-06-01 19:16:00,0,"Reconnaisance","world","now 4-H","web",0
"41",2023-06-01 19:17:00,0,"Reconnaisance","world","now 4-H","web",0
"42",2023-06-01 19:18:00,0,"Reconnaisance","world","now 4-H","web",0
"43",2023-06-01 19:19:00,41,"Reconnaisance","world","now 4-H","web",0
"44",2023-06-01 19:20:00,0,"Reconnaisance","world","now 4-H","web",0
"45",2023-06-01 19:21:00,0,"Reconnaisance","world","now 4-H","web",0
"46",2023-06-01 19:22:00,0,"Reconnaisance","world","now 4-H","web",0
"47",2023-06-01 19:23:00,0,"Reconnaisance","world","now 4-H","web",0
"48",2023-06-01 19:24:00,0,"Reconnaisance","world","now 4-H","web",0
"49",2023-06-01 19:25:00,0,"Reconnaisance","world","now 4-H","web",0
"50",2023-06-01 19:26:00,0,"Reconnaisance","world","now 4-H","web",0
"51",2023-06-01 19:27:00,36,"Reconnaisance","world","now 4-H","web",0
"52",2023-06-01 19:28:00,0,"Reconnaisance","world","now 4-H","web",0
"53",2023-06-01 19:29:00,0,"Reconnaisance","world","now 4-H","web",0
"54",2023-06-01 19:30:00,36,"Reconnaisance","world","now 4-H","web",0
"55",2023-06-01 19:31:00,0,"Reconnaisance","world","now 4-H","web",0
"56",2023-06-01 19:32:00,0,"Reconnaisance","world","now 4-H","web",0
"57",2023-06-01 19:33:00,33,"Reconnaisance","world","now 4-H","web",0
"58",2023-06-01 19:34:00,0,"Reconnaisance","world","now 4-H","web",0
"59",2023-06-01 19:35:00,0,"Reconnaisance","world","now 4-H","web",0
"60",2023-06-01 19:36:00,0,"Reconnaisance","world","now 4-H","web",0
"61",2023-06-01 19:37:00,0,"Reconnaisance","world","now 4-H","web",0
"62",2023-06-01 19:38:00,0,"Reconnaisance","world","now 4-H","web",0
"63",2023-06-01 19:39:00,20,"Reconnaisance","world","now 4-H","web",0
"64",2023-06-01 19:40:00,0,"Reconnaisance","world","now 4-H","web",0
"65",2023-06-01 19:41:00,0,"Reconnaisance","world","now 4-H","web",0
"66",2023-06-01 19:42:00,0,"Reconnaisance","world","now 4-H","web",0
"67",2023-06-01 19:43:00,26,"Reconnaisance","world","now 4-H","web",0
"68",2023-06-01 19:44:00,0,"Reconnaisance","world","now 4-H","web",0
"69",2023-06-01 19:45:00,0,"Reconnaisance","world","now 4-H","web",0
"70",2023-06-01 19:46:00,0,"Reconnaisance","world","now 4-H","web",0
"71",2023-06-01 19:47:00,0,"Reconnaisance","world","now 4-H","web",0
"72",2023-06-01 19:48:00,0,"Reconnaisance","world","now 4-H","web",0
"73",2023-06-01 19:49:00,0,"Reconnaisance","world","now 4-H","web",0
"74",2023-06-01 19:50:00,33,"Reconnaisance","world","now 4-H","web",0
"75",2023-06-01 19:51:00,0,"Reconnaisance","world","now 4-H","web",0
"76",2023-06-01 19:52:00,58,"Reconnaisance","world","now 4-H","web",0
"77",2023-06-01 19:53:00,0,"Reconnaisance","world","now 4-H","web",0
"78",2023-06-01 19:54:00,0,"Reconnaisance","world","now 4-H","web",0
"79",2023-06-01 19:55:00,0,"Reconnaisance","world","now 4-H","web",0
"80",2023-06-01 19:56:00,0,"Reconnaisance","world","now 4-H","web",0
"81",2023-06-01 19:57:00,0,"Reconnaisance","world","now 4-H","web",0
"82",2023-06-01 19:58:00,0,"Reconnaisance","world","now 4-H","web",0
"83",2023-06-01 19:59:00,0,"Reconnaisance","world","now 4-H","web",0
"84",2023-06-01 20:00:00,0,"Reconnaisance","world","now 4-H","web",0
"85",2023-06-01 20:01:00,0,"Reconnaisance","world","now 4-H","web",0
"86",2023-06-01 20:02:00,0,"Reconnaisance","world","now 4-H","web",0
"87",2023-06-01 20:03:00,0,"Reconnaisance","world","now 4-H","web",0
"88",2023-06-01 20:04:00,0,"Reconnaisance","world","now 4-H","web",0
"89",2023-06-01 20:05:00,0,"Reconnaisance","world","now 4-H","web",0
"90",2023-06-01 20:06:00,32,"Reconnaisance","world","now 4-H","web",0
"91",2023-06-01 20:07:00,0,"Reconnaisance","world","now 4-H","web",0
"92",2023-06-01 20:08:00,22,"Reconnaisance","world","now 4-H","web",0
"93",2023-06-01 20:09:00,0,"Reconnaisance","world","now 4-H","web",0
"94",2023-06-01 20:10:00,0,"Reconnaisance","world","now 4-H","web",0
"95",2023-06-01 20:11:00,0,"Reconnaisance","world","now 4-H","web",0
"96",2023-06-01 20:12:00,0,"Reconnaisance","world","now 4-H","web",0
"97",2023-06-01 20:13:00,0,"Reconnaisance","world","now 4-H","web",0
"98",2023-06-01 20:14:00,41,"Reconnaisance","world","now 4-H","web",0
"99",2023-06-01 20:15:00,0,"Reconnaisance","world","now 4-H","web",0
"100",2023-06-01 20:16:00,0,"Reconnaisance","world","now 4-H","web",0
"101",2023-06-01 20:17:00,0,"Reconnaisance","world","now 4-H","web",0
"102",2023-06-01 20:18:00,19,"Reconnaisance","world","now 4-H","web",0
"103",2023-06-01 20:19:00,0,"Reconnaisance","world","now 4-H","web",0
"104",2023-06-01 20:20:00,20,"Reconnaisance","world","now 4-H","web",0
"105",2023-06-01 20:21:00,0,"Reconnaisance","world","now 4-H","web",0
"106",2023-06-01 20:22:00,0,"Reconnaisance","world","now 4-H","web",0
"107",2023-06-01 20:23:00,0,"Reconnaisance","world","now 4-H","web",0
"108",2023-06-01 20:24:00,0,"Reconnaisance","world","now 4-H","web",0
"109",2023-06-01 20:25:00,0,"Reconnaisance","world","now 4-H","web",0
"110",2023-06-01 20:26:00,0,"Reconnaisance","world","now 4-H","web",0
"111",2023-06-01 20:27:00,0,"Reconnaisance","world","now 4-H","web",0
"112",2023-06-01 20:28:00,0,"Reconnaisance","world","now 4-H","web",0
"113",2023-06-01 20:29:00,0,"Reconnaisance","world","now 4-H","web",0
"114",2023-06-01 20:30:00,0,"Reconnaisance","world","now 4-H","web",0
"115",2023-06-01 20:31:00,0,"Reconnaisance","world","now 4-H","web",0
"116",2023-06-01 20:32:00,0,"Reconnaisance","world","now 4-H","web",0
"117",2023-06-01 20:33:00,0,"Reconnaisance","world","now 4-H","web",0
"118",2023-06-01 20:34:00,0,"Reconnaisance","world","now 4-H","web",0
"119",2023-06-01 20:35:00,0,"Reconnaisance","world","now 4-H","web",0
"120",2023-06-01 20:36:00,0,"Reconnaisance","world","now 4-H","web",0
"121",2023-06-01 20:37:00,0,"Reconnaisance","world","now 4-H","web",0
"122",2023-06-01 20:38:00,0,"Reconnaisance","world","now 4-H","web",0
"123",2023-06-01 20:39:00,0,"Reconnaisance","world","now 4-H","web",0
"124",2023-06-01 20:40:00,0,"Reconnaisance","world","now 4-H","web",0
"125",2023-06-01 20:41:00,0,"Reconnaisance","world","now 4-H","web",0
"126",2023-06-01 20:42:00,0,"Reconnaisance","world","now 4-H","web",0
"127",2023-06-01 20:43:00,0,"Reconnaisance","world","now 4-H","web",0
"128",2023-06-01 20:44:00,56,"Reconnaisance","world","now 4-H","web",0
"129",2023-06-01 20:45:00,0,"Reconnaisance","world","now 4-H","web",0
"130",2023-06-01 20:46:00,0,"Reconnaisance","world","now 4-H","web",0
"131",2023-06-01 20:47:00,100,"Reconnaisance","world","now 4-H","web",0
"132",2023-06-01 20:48:00,0,"Reconnaisance","world","now 4-H","web",0
"133",2023-06-01 20:49:00,0,"Reconnaisance","world","now 4-H","web",0
"134",2023-06-01 20:50:00,0,"Reconnaisance","world","now 4-H","web",0
"135",2023-06-01 20:51:00,0,"Reconnaisance","world","now 4-H","web",0
"136",2023-06-01 20:52:00,0,"Reconnaisance","world","now 4-H","web",0
"137",2023-06-01 20:53:00,38,"Reconnaisance","world","now 4-H","web",0
"138",2023-06-01 20:54:00,54,"Reconnaisance","world","now 4-H","web",0
"139",2023-06-01 20:55:00,0,"Reconnaisance","world","now 4-H","web",0
"140",2023-06-01 20:56:00,0,"Reconnaisance","world","now 4-H","web",0
"141",2023-06-01 20:57:00,0,"Reconnaisance","world","now 4-H","web",0
"142",2023-06-01 20:58:00,39,"Reconnaisance","world","now 4-H","web",0
"143",2023-06-01 20:59:00,0,"Reconnaisance","world","now 4-H","web",0
"144",2023-06-01 21:00:00,0,"Reconnaisance","world","now 4-H","web",0
"145",2023-06-01 21:01:00,0,"Reconnaisance","world","now 4-H","web",0
"146",2023-06-01 21:02:00,0,"Reconnaisance","world","now 4-H","web",0
"147",2023-06-01 21:03:00,0,"Reconnaisance","world","now 4-H","web",0
"148",2023-06-01 21:04:00,0,"Reconnaisance","world","now 4-H","web",0
"149",2023-06-01 21:05:00,0,"Reconnaisance","world","now 4-H","web",0
"150",2023-06-01 21:06:00,0,"Reconnaisance","world","now 4-H","web",0
"151",2023-06-01 21:07:00,0,"Reconnaisance","world","now 4-H","web",0
"152",2023-06-01 21:08:00,0,"Reconnaisance","world","now 4-H","web",0
"153",2023-06-01 21:09:00,0,"Reconnaisance","world","now 4-H","web",0
"154",2023-06-01 21:10:00,0,"Reconnaisance","world","now 4-H","web",0
"155",2023-06-01 21:11:00,0,"Reconnaisance","world","now 4-H","web",0
"156",2023-06-01 21:12:00,0,"Reconnaisance","world","now 4-H","web",0
"157",2023-06-01 21:13:00,0,"Reconnaisance","world","now 4-H","web",0
"158",2023-06-01 21:14:00,0,"Reconnaisance","world","now 4-H","web",0
"159",2023-06-01 21:15:00,21,"Reconnaisance","world","now 4-H","web",0
"160",2023-06-01 21:16:00,0,"Reconnaisance","world","now 4-H","web",0
"161",2023-06-01 21:17:00,0,"Reconnaisance","world","now 4-H","web",0
"162",2023-06-01 21:18:00,0,"Reconnaisance","world","now 4-H","web",0
"163",2023-06-01 21:19:00,0,"Reconnaisance","world","now 4-H","web",0
"164",2023-06-01 21:20:00,0,"Reconnaisance","world","now 4-H","web",0
"165",2023-06-01 21:21:00,0,"Reconnaisance","world","now 4-H","web",0
"166",2023-06-01 21:22:00,0,"Reconnaisance","world","now 4-H","web",0
"167",2023-06-01 21:23:00,0,"Reconnaisance","world","now 4-H","web",0
"168",2023-06-01 21:24:00,0,"Reconnaisance","world","now 4-H","web",0
"169",2023-06-01 21:25:00,0,"Reconnaisance","world","now 4-H","web",0
"170",2023-06-01 21:26:00,0,"Reconnaisance","world","now 4-H","web",0
"171",2023-06-01 21:27:00,0,"Reconnaisance","world","now 4-H","web",0
"172",2023-06-01 21:28:00,27,"Reconnaisance","world","now 4-H","web",0
"173",2023-06-01 21:29:00,0,"Reconnaisance","world","now 4-H","web",0
"174",2023-06-01 21:30:00,0,"Reconnaisance","world","now 4-H","web",0
"175",2023-06-01 21:31:00,0,"Reconnaisance","world","now 4-H","web",0
"176",2023-06-01 21:32:00,36,"Reconnaisance","world","now 4-H","web",0
"177",2023-06-01 21:33:00,0,"Reconnaisance","world","now 4-H","web",0
"178",2023-06-01 21:34:00,0,"Reconnaisance","world","now 4-H","web",0
"179",2023-06-01 21:35:00,0,"Reconnaisance","world","now 4-H","web",0
"180",2023-06-01 21:36:00,0,"Reconnaisance","world","now 4-H","web",0
"181",2023-06-01 21:37:00,0,"Reconnaisance","world","now 4-H","web",0
"182",2023-06-01 21:38:00,0,"Reconnaisance","world","now 4-H","web",0
"183",2023-06-01 21:39:00,0,"Reconnaisance","world","now 4-H","web",0
"184",2023-06-01 21:40:00,0,"Reconnaisance","world","now 4-H","web",0
"185",2023-06-01 21:41:00,0,"Reconnaisance","world","now 4-H","web",0
"186",2023-06-01 21:42:00,67,"Reconnaisance","world","now 4-H","web",0
"187",2023-06-01 21:43:00,0,"Reconnaisance","world","now 4-H","web",0
"188",2023-06-01 21:44:00,0,"Reconnaisance","world","now 4-H","web",0
"189",2023-06-01 21:45:00,0,"Reconnaisance","world","now 4-H","web",0
"190",2023-06-01 21:46:00,0,"Reconnaisance","world","now 4-H","web",0
"191",2023-06-01 21:47:00,0,"Reconnaisance","world","now 4-H","web",0
"192",2023-06-01 21:48:00,0,"Reconnaisance","world","now 4-H","web",0
"193",2023-06-01 21:49:00,0,"Reconnaisance","world","now 4-H","web",0
"194",2023-06-01 21:50:00,25,"Reconnaisance","world","now 4-H","web",0
"195",2023-06-01 21:51:00,0,"Reconnaisance","world","now 4-H","web",0
"196",2023-06-01 21:52:00,0,"Reconnaisance","world","now 4-H","web",0
"197",2023-06-01 21:53:00,0,"Reconnaisance","world","now 4-H","web",0
"198",2023-06-01 21:54:00,0,"Reconnaisance","world","now 4-H","web",0
"199",2023-06-01 21:55:00,0,"Reconnaisance","world","now 4-H","web",0
"200",2023-06-01 21:56:00,0,"Reconnaisance","world","now 4-H","web",0
"201",2023-06-01 21:57:00,0,"Reconnaisance","world","now 4-H","web",0
"202",2023-06-01 21:58:00,24,"Reconnaisance","world","now 4-H","web",0
"203",2023-06-01 21:59:00,0,"Reconnaisance","world","now 4-H","web",0
"204",2023-06-01 22:00:00,0,"Reconnaisance","world","now 4-H","web",0
"205",2023-06-01 22:01:00,0,"Reconnaisance","world","now 4-H","web",0
"206",2023-06-01 22:02:00,52,"Reconnaisance","world","now 4-H","web",0
"207",2023-06-01 22:03:00,0,"Reconnaisance","world","now 4-H","web",0
"208",2023-06-01 22:04:00,0,"Reconnaisance","world","now 4-H","web",0
"209",2023-06-01 22:05:00,0,"Reconnaisance","world","now 4-H","web",0
"210",2023-06-01 22:06:00,23,"Reconnaisance","world","now 4-H","web",0
"211",2023-06-01 22:07:00,0,"Reconnaisance","world","now 4-H","web",0
"212",2023-06-01 22:08:00,0,"Reconnaisance","world","now 4-H","web",0
"213",2023-06-01 22:09:00,0,"Reconnaisance","world","now 4-H","web",0
"214",2023-06-01 22:10:00,0,"Reconnaisance","world","now 4-H","web",0
"215",2023-06-01 22:11:00,0,"Reconnaisance","world","now 4-H","web",0
"216",2023-06-01 22:12:00,0,"Reconnaisance","world","now 4-H","web",0
"217",2023-06-01 22:13:00,0,"Reconnaisance","world","now 4-H","web",0
"218",2023-06-01 22:14:00,0,"Reconnaisance","world","now 4-H","web",0
"219",2023-06-01 22:15:00,0,"Reconnaisance","world","now 4-H","web",0
"220",2023-06-01 22:16:00,0,"Reconnaisance","world","now 4-H","web",0
"221",2023-06-01 22:17:00,0,"Reconnaisance","world","now 4-H","web",0
"222",2023-06-01 22:18:00,0,"Reconnaisance","world","now 4-H","web",0
"223",2023-06-01 22:19:00,26,"Reconnaisance","world","now 4-H","web",0
"224",2023-06-01 22:20:00,0,"Reconnaisance","world","now 4-H","web",0
"225",2023-06-01 22:21:00,0,"Reconnaisance","world","now 4-H","web",0
"226",2023-06-01 22:22:00,0,"Reconnaisance","world","now 4-H","web",0
"227",2023-06-01 22:23:00,0,"Reconnaisance","world","now 4-H","web",0
"228",2023-06-01 22:24:00,0,"Reconnaisance","world","now 4-H","web",0
"229",2023-06-01 22:25:00,0,"Reconnaisance","world","now 4-H","web",0
"230",2023-06-01 22:26:00,0,"Reconnaisance","world","now 4-H","web",0
"231",2023-06-01 22:27:00,0,"Reconnaisance","world","now 4-H","web",0
"232",2023-06-01 22:28:00,0,"Reconnaisance","world","now 4-H","web",0
"233",2023-06-01 22:29:00,21,"Reconnaisance","world","now 4-H","web",0
"234",2023-06-01 22:30:00,0,"Reconnaisance","world","now 4-H","web",0
"235",2023-06-01 22:31:00,0,"Reconnaisance","world","now 4-H","web",0
"236",2023-06-01 22:32:00,0,"Reconnaisance","world","now 4-H","web",0
"237",2023-06-01 22:33:00,19,"Reconnaisance","world","now 4-H","web",0
