,Korean_Topic_Labels,Column2,Column3,Column4,Column5
0,"""gt"" ","""싫어함"" ","""님을"" ","""그럴수있음"" ","""만화"" "
1,"""있는"" ","""지구를"" ","""통신망을"" ","""했는데"" ","""나를"" "
2,"""재유가"" ","""gtnongnol"" ","""역겹드만"" ","""nfwkcdjj"" ","""근데"" "
3,"""黃金"" ","""咖啡"" ","""紐約原油"" ","""高級銅"" ","""棉花"" "
4,"""파월"" ","""국제유가"" ","""금융시장"" ","""놀란"" ","""매파"" "
5,"""ドル安"" ","""ｆｒｂ議長発言受け米利上げ懸念"" ","""原油先物"" ","""유가"" ","""다우"" "
6,"""해보고싶었다는게"" ","""위일위일락유가"" ","""해주믄"" ","""좋겠다"" ","""rock"" "
