Time,Text_Loc_En,Export_Aff_Pos,Export_Aff_Neg,Top_Exporter,Specific_Good,Tag,File_name,Counter
07/03/2023 16:31:41,,,,0,,,,0
07/03/2023 17:02:37,Russia,['Oil'],No Change,1.0,Petroleum,Oil Supply Shock,tw_example_0.json,0
07/03/2023 17:02:37,China,No Change,['Machinery'],1.0,Transmission_Apparatus,War Threats,tw_example_0.json,0
07/03/2023 17:02:37,U.S.,No Change,['Oil'],1.0,Petroleum,US-China Relations,tw_example_0.json,0
07/03/2023 17:02:37,Russia,['Oil'],No Change,1.0,Petroleum,Oil Supply Shock,tw_example_0.json,0
07/03/2023 17:02:37,Russia,['Oil'],No Change,1.0,Petroleum,Oil Supply Shock,tw_example_0.json,0
07/03/2023 17:02:37,China,No Change,['Machinery'],1.0,Transmission_Apparatus,War Threats,tw_example_0.json,0
07/03/2023 17:02:37,Russia,No Change,['Oil'],1.0,Petroleum,US-China Relations,tw_example_0.json,0
07/03/2023 17:02:37,Japan,No Change,['Vehicles'],1.0,Cars,Oil Supply Shock,tw_example_0.json,0
07/03/2023 17:04:03,Russia,['Oil'],No Change,1.0,Petroleum,Oil Supply Shock,tw_example_0.json,1
07/03/2023 17:04:03,China,No Change,['Machinery'],1.0,Transmission_Apparatus,War Threats,tw_example_0.json,1
07/03/2023 17:04:03,U.S.,No Change,['Oil'],1.0,Petroleum,US-China Relations,tw_example_0.json,1
07/03/2023 17:04:03,Russia,['Oil'],No Change,1.0,Petroleum,Oil Supply Shock,tw_example_0.json,1
07/03/2023 17:04:03,Russia,['Oil'],No Change,1.0,Petroleum,Oil Supply Shock,tw_example_0.json,1
07/03/2023 17:04:03,China,No Change,['Machinery'],1.0,Transmission_Apparatus,War Threats,tw_example_0.json,1
07/03/2023 17:04:03,Russia,No Change,['Oil'],1.0,Petroleum,US-China Relations,tw_example_0.json,1
07/03/2023 17:04:03,Japan,No Change,['Vehicles'],1.0,Cars,Oil Supply Shock,tw_example_0.json,1
07/03/2023 17:04:53,Russia,['Oil'],No Change,1.0,Petroleum,Oil Supply Shock,tw_example_0.json,2
07/03/2023 17:04:53,China,No Change,['Machinery'],1.0,Transmission_Apparatus,War Threats,tw_example_0.json,2
07/03/2023 17:04:53,U.S.,No Change,['Oil'],1.0,Petroleum,US-China Relations,tw_example_0.json,2
07/03/2023 17:04:53,Russia,['Oil'],No Change,1.0,Petroleum,Oil Supply Shock,tw_example_0.json,2
07/03/2023 17:04:53,Russia,['Oil'],No Change,1.0,Petroleum,Oil Supply Shock,tw_example_0.json,2
07/03/2023 17:04:53,China,No Change,['Machinery'],1.0,Transmission_Apparatus,War Threats,tw_example_0.json,2
07/03/2023 17:04:53,Russia,No Change,['Oil'],1.0,Petroleum,US-China Relations,tw_example_0.json,2
07/03/2023 17:04:53,Japan,No Change,['Vehicles'],1.0,Cars,Oil Supply Shock,tw_example_0.json,2
07/03/2023 17:05:46,Russia,['Oil'],No Change,1.0,Petroleum,Oil Supply Shock,tw_example_0.json,3
07/03/2023 17:05:46,China,No Change,['Machinery'],1.0,Transmission_Apparatus,War Threats,tw_example_0.json,3
07/03/2023 17:05:46,U.S.,No Change,['Oil'],1.0,Petroleum,US-China Relations,tw_example_0.json,3
07/03/2023 17:05:46,Russia,['Oil'],No Change,1.0,Petroleum,Oil Supply Shock,tw_example_0.json,3
07/03/2023 17:05:46,Russia,['Oil'],No Change,1.0,Petroleum,Oil Supply Shock,tw_example_0.json,3
07/03/2023 17:05:46,China,No Change,['Machinery'],1.0,Transmission_Apparatus,War Threats,tw_example_0.json,3
07/03/2023 17:05:46,Russia,No Change,['Oil'],1.0,Petroleum,US-China Relations,tw_example_0.json,3
07/03/2023 17:05:46,Japan,No Change,['Vehicles'],1.0,Cars,Oil Supply Shock,tw_example_0.json,3
07/03/2023 17:06:36,Russia,['Oil'],No Change,1.0,Petroleum,Oil Supply Shock,tw_example_0.json,4
07/03/2023 17:06:36,China,No Change,['Machinery'],1.0,Transmission_Apparatus,War Threats,tw_example_0.json,4
07/03/2023 17:06:36,U.S.,No Change,['Oil'],1.0,Petroleum,US-China Relations,tw_example_0.json,4
07/03/2023 17:06:36,Russia,['Oil'],No Change,1.0,Petroleum,Oil Supply Shock,tw_example_0.json,4
07/03/2023 17:06:36,Russia,['Oil'],No Change,1.0,Petroleum,Oil Supply Shock,tw_example_0.json,4
07/03/2023 17:06:36,China,No Change,['Machinery'],1.0,Transmission_Apparatus,War Threats,tw_example_0.json,4
07/03/2023 17:06:36,Russia,No Change,['Oil'],1.0,Petroleum,US-China Relations,tw_example_0.json,4
07/03/2023 17:06:36,Japan,No Change,['Vehicles'],1.0,Cars,Oil Supply Shock,tw_example_0.json,4
07/03/2023 17:07:35,United States,['Oil'],No Change,1.0,Petroleum,Oil Supply Shock,tw_example_2.json,5
07/03/2023 17:07:35,China,No Change,['Machinery'],1.0,Transmission_Apparatus,War Threats,tw_example_2.json,5
07/03/2023 17:07:35,China,No Change,['Machinery'],1.0,Transmission_Apparatus,War Threats,tw_example_2.json,5
07/03/2023 17:07:35,Russia,['Oil'],No Change,1.0,Petroleum,Oil Supply Shock,tw_example_2.json,5
07/03/2023 17:08:54,United States,['Oil'],No Change,1.0,Petroleum,Oil Supply Shock,tw_example_2.json,6
07/03/2023 17:08:54,China,No Change,['Machinery'],1.0,Transmission_Apparatus,War Threats,tw_example_2.json,6
07/03/2023 17:08:54,China,No Change,['Machinery'],1.0,Transmission_Apparatus,War Threats,tw_example_2.json,6
07/03/2023 17:08:54,Russia,['Oil'],No Change,1.0,Petroleum,Oil Supply Shock,tw_example_2.json,6
07/03/2023 17:10:02,China,No Change,['Machinery'],1.0,Transmission_Apparatus,War Threats,tw_example_3.json,7
07/03/2023 17:10:02,Mexico,No Change,['Vehicles'],1.0,Cars,Oil Supply Shock,tw_example_3.json,7
07/03/2023 17:11:07,Russia,['Oil'],No Change,1.0,Petroleum,Oil Supply Shock,tw_example_4.json,8
07/03/2023 17:11:07,Iran,['Oil'],No Change,0.0,Petroleum,Oil Supply Shock,tw_example_4.json,8
07/03/2023 17:12:09,Russia,['Oil'],No Change,1.0,Petroleum,Oil Supply Shock,tw_example_4.json,9
07/03/2023 17:12:09,Iran,['Oil'],No Change,0.0,Petroleum,Oil Supply Shock,tw_example_4.json,9
07/03/2023 17:13:10,Nigeria,['Oil'],No Change,1.0,Petroleum,Oil Supply Shock,tw_example_5.json,10
07/03/2023 17:13:10,Iraq,['Oil'],No Change,1.0,Petroleum,Oil Supply Shock,tw_example_5.json,10
07/03/2023 17:14:16,Nigeria,['Oil'],No Change,1.0,Petroleum,Oil Supply Shock,tw_example_5.json,11
07/03/2023 17:14:16,Iraq,['Oil'],No Change,1.0,Petroleum,Oil Supply Shock,tw_example_5.json,11
07/03/2023 17:15:19,Russia,['Oil'],No Change,1.0,Petroleum,Oil Supply Shock,tw_example_6.json,12
07/03/2023 17:15:19,Germany,No Change,['Vehicles'],1.0,Cars,Oil Supply Shock,tw_example_6.json,12
07/03/2023 17:15:19,China,No Change,['Machinery'],1.0,Transmission_Apparatus,War Threats,tw_example_6.json,12
07/03/2023 17:15:19,Japan,No Change,['Vehicles'],1.0,Cars,Oil Supply Shock,tw_example_6.json,12
07/03/2023 17:16:23,China,No Change,['Machinery'],1.0,Transmission_Apparatus,War Threats,tw_example_7.json,13
07/03/2023 17:17:15,Russia,['Oil'],No Change,1.0,Petroleum,Oil Supply Shock,tw_example_8.json,14
07/03/2023 17:17:15,Russia,['Oil'],No Change,1.0,Petroleum,Oil Supply Shock,tw_example_8.json,14
07/03/2023 17:18:16,China,No Change,['Machinery'],1.0,Transmission_Apparatus,War Threats,tw_example_9.json,15
07/03/2023 17:18:16,China,No Change,['Machinery'],1.0,Transmission_Apparatus,War Threats,tw_example_9.json,15
07/03/2023 17:18:16,Russia,['Oil'],No Change,1.0,Petroleum,Oil Supply Shock,tw_example_9.json,15
07/03/2023 17:19:16,U.S.,['Oil'],No Change,1.0,Petroleum,Oil Supply Shock,w_example_10.json,16
07/03/2023 17:19:16,U.S.,['Oil'],No Change,1.0,Petroleum,Oil Supply Shock,w_example_10.json,16
07/03/2023 17:19:16,Russia,['Oil'],No Change,1.0,Petroleum,Oil Supply Shock,w_example_10.json,16
07/03/2023 17:19:16,Russia,['Oil'],No Change,1.0,Petroleum,Oil Supply Shock,w_example_10.json,16
07/03/2023 17:19:16,Russia,['Oil'],No Change,1.0,Petroleum,Oil Supply Shock,w_example_10.json,16
07/03/2023 17:19:16,Russia,['Oil'],No Change,1.0,Petroleum,Oil Supply Shock,w_example_10.json,16
07/03/2023 17:19:16,Russia,['Oil'],No Change,1.0,Petroleum,Oil Supply Shock,w_example_10.json,16
07/03/2023 17:20:07,Russia,['Oil'],No Change,1.0,Petroleum,Oil Supply Shock,w_example_11.json,17
07/03/2023 17:20:07,China,No Change,['Machinery'],1.0,Transmission_Apparatus,War Threats,w_example_11.json,17
07/03/2023 17:20:07,Bulgaria,['Oil'],No Change,0.0,Petroleum,Oil Supply Shock,w_example_11.json,17
07/03/2023 17:21:08,Russia,['Oil'],No Change,1.0,Petroleum,Oil Supply Shock,w_example_11.json,18
07/03/2023 17:21:08,China,No Change,['Machinery'],1.0,Transmission_Apparatus,War Threats,w_example_11.json,18
07/03/2023 17:21:08,Bulgaria,['Oil'],No Change,0.0,Petroleum,Oil Supply Shock,w_example_11.json,18
07/03/2023 17:22:11,UK,No Change,['Vehicles'],1.0,Cars,Oil Supply Shock,w_example_12.json,19
07/03/2023 17:22:11,Iraq,No Change,['Oil'],1.0,Petroleum,US-China Relations,w_example_12.json,19
07/03/2023 17:22:11,Syria,['Food'],No Change,0.0,Olive_Oil,US-China Relations,w_example_12.json,19
07/03/2023 17:22:11,UK,No Change,['Vehicles'],1.0,Cars,Oil Supply Shock,w_example_12.json,19
07/03/2023 17:23:03,China,No Change,['Machinery'],1.0,Transmission_Apparatus,War Threats,w_example_13.json,20
07/03/2023 17:24:04,Russia,['Oil'],No Change,1.0,Petroleum,Oil Supply Shock,w_example_14.json,21
07/03/2023 17:24:04,China,No Change,['Machinery'],1.0,Transmission_Apparatus,War Threats,w_example_14.json,21
07/03/2023 17:24:04,Venezuela,['Oil'],No Change,0.0,Petroleum,Oil Supply Shock,w_example_14.json,21
07/03/2023 17:25:05,Russia,['Oil'],No Change,1.0,Petroleum,Oil Supply Shock,w_example_15.json,22
07/03/2023 17:25:05,Taiwan,No Change,['Machinery'],1.0,Electronic_Circuits,War Threats,w_example_15.json,22
07/03/2023 17:26:10,Russia,['Oil'],No Change,1.0,Petroleum,Oil Supply Shock,w_example_15.json,23
07/03/2023 17:26:10,Taiwan,No Change,['Machinery'],1.0,Electronic_Circuits,War Threats,w_example_15.json,23
07/03/2023 17:27:11,China,No Change,['Machinery'],1.0,Transmission_Apparatus,War Threats,w_example_16.json,24
07/03/2023 17:27:11,Russia,['Oil'],No Change,1.0,Petroleum,Oil Supply Shock,w_example_16.json,24
07/03/2023 17:29:17,Russia,['Oil'],No Change,1.0,Petroleum,Oil Supply Shock,w_example_18.json,26
07/03/2023 17:30:22,Russia,['Oil'],No Change,1.0,Petroleum,Oil Supply Shock,w_example_18.json,27
07/03/2023 17:31:24,Russia,No Change,['Oil'],1.0,Petroleum,Cyber Warfare,w_example_19.json,28
07/03/2023 17:32:22,Iraq,['Oil'],No Change,1.0,Petroleum,Oil Supply Shock,w_example_20.json,29
07/03/2023 17:32:22,China,No Change,['Machinery'],1.0,Transmission_Apparatus,War Threats,w_example_20.json,29
07/03/2023 17:32:22,Japan,No Change,['Vehicles'],1.0,Cars,Oil Supply Shock,w_example_20.json,29
07/03/2023 17:32:22,Japan,No Change,['Vehicles'],1.0,Cars,Oil Supply Shock,w_example_20.json,29
07/03/2023 17:33:20,Iraq,['Oil'],No Change,1.0,Petroleum,Oil Supply Shock,w_example_20.json,30
07/03/2023 17:33:20,China,No Change,['Machinery'],1.0,Transmission_Apparatus,War Threats,w_example_20.json,30
07/03/2023 17:33:20,Japan,No Change,['Vehicles'],1.0,Cars,Oil Supply Shock,w_example_20.json,30
07/03/2023 17:33:20,Japan,No Change,['Vehicles'],1.0,Cars,Oil Supply Shock,w_example_20.json,30
07/03/2023 17:34:12,China,No Change,['Machinery'],1.0,Transmission_Apparatus,War Threats,w_example_21.json,31
07/03/2023 17:35:23,China,No Change,['Machinery'],1.0,Transmission_Apparatus,War Threats,w_example_21.json,32
07/03/2023 17:36:30,China,No Change,['Machinery'],1.0,Transmission_Apparatus,War Threats,w_example_22.json,33
07/03/2023 17:36:30,Russia,['Oil'],No Change,1.0,Petroleum,Oil Supply Shock,w_example_22.json,33
07/03/2023 17:37:36,Russia,No Change,['Oil'],1.0,Petroleum,Cyber Warfare,w_example_23.json,34
07/03/2023 17:37:36,China,No Change,['Machinery'],1.0,Transmission_Apparatus,War Threats,w_example_23.json,34
07/03/2023 17:37:36,United States,['Oil'],No Change,1.0,Petroleum,Oil Supply Shock,w_example_23.json,34
07/03/2023 17:38:27,Russia,['Oil'],No Change,1.0,Petroleum,Oil Supply Shock,w_example_24.json,35
07/03/2023 17:38:27,China,No Change,['Machinery'],1.0,Transmission_Apparatus,War Threats,w_example_24.json,35
07/03/2023 17:38:27,China,No Change,['Machinery'],1.0,Transmission_Apparatus,War Threats,w_example_24.json,35
07/03/2023 17:38:27,Russia,['Oil'],No Change,1.0,Petroleum,Oil Supply Shock,w_example_24.json,35
07/03/2023 17:38:27,Russia,['Oil'],No Change,1.0,Petroleum,Oil Supply Shock,w_example_24.json,35
07/03/2023 17:39:32,Ukraine,['Food'],No Change,1.0,Sun-Flower Seeds,US-China Relations,w_example_25.json,36
07/03/2023 17:39:32,China,No Change,['Machinery'],1.0,Transmission_Apparatus,War Threats,w_example_25.json,36
07/03/2023 17:40:38,U.S.,No Change,['Oil'],1.0,Petroleum,US-China Relations,w_example_26.json,37
07/03/2023 17:40:38,Russia,['Oil'],No Change,1.0,Petroleum,Oil Supply Shock,w_example_26.json,37
07/03/2023 17:40:38,Russia,['Oil'],No Change,1.0,Petroleum,Oil Supply Shock,w_example_26.json,37
07/03/2023 17:41:43,U.S.,No Change,['Oil'],1.0,Petroleum,US-China Relations,w_example_26.json,38
07/03/2023 17:41:43,Russia,['Oil'],No Change,1.0,Petroleum,Oil Supply Shock,w_example_26.json,38
07/03/2023 17:41:43,Russia,['Oil'],No Change,1.0,Petroleum,Oil Supply Shock,w_example_26.json,38
07/03/2023 17:42:46,Russia,['Oil'],No Change,1.0,Petroleum,Oil Supply Shock,w_example_27.json,39
07/03/2023 17:42:46,Venezuela,['Oil'],No Change,0.0,Petroleum,Oil Supply Shock,w_example_27.json,39
07/03/2023 17:42:46,Russia,['Oil'],No Change,1.0,Petroleum,Oil Supply Shock,w_example_27.json,39
07/03/2023 17:43:52,China,No Change,['Machinery'],1.0,Transmission_Apparatus,War Threats,w_example_28.json,40
07/03/2023 17:43:52,Russia,['Oil'],No Change,1.0,Petroleum,Oil Supply Shock,w_example_28.json,40
07/03/2023 17:44:57,China,No Change,['Machinery'],1.0,Transmission_Apparatus,War Threats,w_example_28.json,41
07/03/2023 17:44:57,Russia,['Oil'],No Change,1.0,Petroleum,Oil Supply Shock,w_example_28.json,41
07/03/2023 17:47:09,Japan,No Change,['Vehicles'],1.0,Cars,Oil Supply Shock,w_example_30.json,43
07/03/2023 17:47:09,Iran,['Oil'],No Change,0.0,Petroleum,Oil Supply Shock,w_example_30.json,43
07/03/2023 17:47:09,Japan,No Change,['Vehicles'],1.0,Cars,Oil Supply Shock,w_example_30.json,43
07/03/2023 17:47:09,Russia,['Oil'],No Change,1.0,Petroleum,Oil Supply Shock,w_example_30.json,43
07/03/2023 17:47:09,Japan,No Change,['Vehicles'],1.0,Cars,Oil Supply Shock,w_example_30.json,43
07/03/2023 17:48:15,China,No Change,['Machinery'],1.0,Transmission_Apparatus,War Threats,w_example_31.json,44
07/03/2023 17:49:12,China,No Change,['Machinery'],1.0,Transmission_Apparatus,War Threats,w_example_31.json,45
07/03/2023 17:50:07,China,No Change,['Machinery'],1.0,Transmission_Apparatus,War Threats,w_example_32.json,46
07/03/2023 17:50:07,Iran,['Oil'],No Change,0.0,Petroleum,Oil Supply Shock,w_example_32.json,46
07/03/2023 17:50:07,Russia,['Oil'],No Change,1.0,Petroleum,Oil Supply Shock,w_example_32.json,46
07/03/2023 17:50:07,Russia,['Oil'],No Change,1.0,Petroleum,Oil Supply Shock,w_example_32.json,46
07/03/2023 17:50:07,Russia,['Oil'],No Change,1.0,Petroleum,Oil Supply Shock,w_example_32.json,46
07/03/2023 17:50:07,Russia,No Change,['Oil'],1.0,Petroleum,Cyber Warfare,w_example_32.json,46
07/03/2023 17:51:21,China,No Change,['Machinery'],1.0,Transmission_Apparatus,War Threats,w_example_33.json,47
07/03/2023 17:52:28,Russia,['Oil'],No Change,1.0,Petroleum,Oil Supply Shock,w_example_34.json,48
07/03/2023 17:52:28,China,No Change,['Machinery'],1.0,Transmission_Apparatus,War Threats,w_example_34.json,48
07/03/2023 17:52:28,Japan,No Change,['Vehicles'],1.0,Cars,Oil Supply Shock,w_example_34.json,48
07/03/2023 17:52:28,Russia,['Oil'],No Change,1.0,Petroleum,Oil Supply Shock,w_example_34.json,48
07/03/2023 17:53:26,Russia,['Oil'],No Change,1.0,Petroleum,Oil Supply Shock,w_example_34.json,49
07/03/2023 17:53:26,China,No Change,['Machinery'],1.0,Transmission_Apparatus,War Threats,w_example_34.json,49
07/03/2023 17:53:26,Japan,No Change,['Vehicles'],1.0,Cars,Oil Supply Shock,w_example_34.json,49
07/03/2023 17:53:26,Russia,['Oil'],No Change,1.0,Petroleum,Oil Supply Shock,w_example_34.json,49
07/03/2023 17:54:22,U.S.,['Oil'],No Change,1.0,Petroleum,Oil Supply Shock,w_example_35.json,50
07/03/2023 17:54:22,China,No Change,['Machinery'],1.0,Transmission_Apparatus,War Threats,w_example_35.json,50
07/03/2023 17:54:22,Japan,No Change,['Vehicles'],1.0,Cars,Oil Supply Shock,w_example_35.json,50
07/03/2023 17:54:22,Russia,['Oil'],No Change,1.0,Petroleum,Oil Supply Shock,w_example_35.json,50
07/03/2023 17:54:22,Russia,['Oil'],No Change,1.0,Petroleum,Oil Supply Shock,w_example_35.json,50
07/03/2023 17:54:22,Russia,['Oil'],No Change,1.0,Petroleum,Oil Supply Shock,w_example_35.json,50
07/03/2023 17:54:22,Russia,['Oil'],No Change,1.0,Petroleum,Oil Supply Shock,w_example_35.json,50
07/03/2023 17:55:27,Venezuela,['Oil'],No Change,0.0,Petroleum,Oil Supply Shock,w_example_36.json,51
07/03/2023 17:55:27,Canada,['Oil'],No Change,1.0,Petroleum,Oil Supply Shock,w_example_36.json,51
07/03/2023 17:55:27,Ecuador,['Oil'],No Change,0.0,Petroleum,Oil Supply Shock,w_example_36.json,51
07/03/2023 17:55:27,Russia,['Oil'],No Change,1.0,Petroleum,Oil Supply Shock,w_example_36.json,51
07/03/2023 17:55:27,Russia,['Oil'],No Change,1.0,Petroleum,Oil Supply Shock,w_example_36.json,51
07/03/2023 17:56:32,Venezuela,['Oil'],No Change,0.0,Petroleum,Oil Supply Shock,w_example_36.json,52
07/03/2023 17:56:32,Canada,['Oil'],No Change,1.0,Petroleum,Oil Supply Shock,w_example_36.json,52
07/03/2023 17:56:32,Ecuador,['Oil'],No Change,0.0,Petroleum,Oil Supply Shock,w_example_36.json,52
07/03/2023 17:56:32,Russia,['Oil'],No Change,1.0,Petroleum,Oil Supply Shock,w_example_36.json,52
07/03/2023 17:56:32,Russia,['Oil'],No Change,1.0,Petroleum,Oil Supply Shock,w_example_36.json,52
07/03/2023 17:57:37,Nigeria,['Oil'],No Change,1.0,Petroleum,Oil Supply Shock,w_example_37.json,53
07/03/2023 17:57:37,Nigeria,['Oil'],No Change,1.0,Petroleum,Oil Supply Shock,w_example_37.json,53
07/03/2023 17:57:37,Russia,['Oil'],No Change,1.0,Petroleum,Oil Supply Shock,w_example_37.json,53
07/03/2023 17:57:37,Russia,['Oil'],No Change,1.0,Petroleum,Oil Supply Shock,w_example_37.json,53
07/03/2023 17:58:41,Iraq,['Oil'],No Change,1.0,Petroleum,Oil Supply Shock,w_example_38.json,54
07/03/2023 17:58:41,Russia,['Oil'],No Change,1.0,Petroleum,Oil Supply Shock,w_example_38.json,54
07/03/2023 17:58:41,Russia,['Oil'],No Change,1.0,Petroleum,Oil Supply Shock,w_example_38.json,54
07/03/2023 17:58:41,Russia,['Oil'],No Change,1.0,Petroleum,Oil Supply Shock,w_example_38.json,54
07/03/2023 17:58:41,Iraq,['Oil'],No Change,1.0,Petroleum,Oil Supply Shock,w_example_38.json,54
07/03/2023 17:59:40,Argentina,['Food'],No Change,1.0,Oil,US-China Relations,w_example_39.json,55
07/03/2023 17:59:40,Colombia,No Change,['Oil'],0.0,Petroleum,US-China Relations,w_example_39.json,55
07/03/2023 18:00:41,Argentina,['Food'],No Change,1.0,Oil,US-China Relations,w_example_39.json,56
07/03/2023 18:00:41,Colombia,No Change,['Oil'],0.0,Petroleum,US-China Relations,w_example_39.json,56
07/03/2023 18:01:40,China,No Change,['Machinery'],1.0,Transmission_Apparatus,War Threats,w_example_40.json,57
07/03/2023 18:01:40,China,No Change,['Machinery'],1.0,Transmission_Apparatus,War Threats,w_example_40.json,57
07/03/2023 18:01:40,Ukraine,['Food'],No Change,1.0,Sun-Flower Seeds,US-China Relations,w_example_40.json,57
07/03/2023 18:01:40,Russia,['Oil'],No Change,1.0,Petroleum,Oil Supply Shock,w_example_40.json,57
07/03/2023 18:01:40,Russia,['Oil'],No Change,1.0,Petroleum,Oil Supply Shock,w_example_40.json,57
07/03/2023 18:03:56,Honduras,No Change,['Clothing'],0.0,T_Shirts,Goldstein Negative,w_example_42.json,59
07/03/2023 18:03:56,China,No Change,['Machinery'],1.0,Transmission_Apparatus,War Threats,w_example_42.json,59
07/03/2023 18:05:08,Honduras,No Change,['Clothing'],0.0,T_Shirts,Goldstein Negative,w_example_42.json,60
07/03/2023 18:05:08,China,No Change,['Machinery'],1.0,Transmission_Apparatus,War Threats,w_example_42.json,60
07/03/2023 18:06:24,Russia,['Oil'],No Change,1.0,Petroleum,Oil Supply Shock,w_example_43.json,61
07/03/2023 18:06:24,Japan,No Change,['Vehicles'],1.0,Cars,Oil Supply Shock,w_example_43.json,61
07/03/2023 18:07:34,China,No Change,['Machinery'],1.0,Transmission_Apparatus,War Threats,w_example_44.json,62
07/03/2023 18:07:34,Russia,['Oil'],No Change,1.0,Petroleum,Oil Supply Shock,w_example_44.json,62
07/03/2023 18:08:55,China,No Change,['Machinery'],1.0,Transmission_Apparatus,War Threats,w_example_45.json,63
07/03/2023 18:08:55,China,No Change,['Machinery'],1.0,Transmission_Apparatus,War Threats,w_example_45.json,63
07/03/2023 18:09:56,China,No Change,['Machinery'],1.0,Transmission_Apparatus,War Threats,w_example_45.json,64
07/03/2023 18:09:56,China,No Change,['Machinery'],1.0,Transmission_Apparatus,War Threats,w_example_45.json,64
07/03/2023 18:10:58,China,No Change,['Machinery'],1.0,Transmission_Apparatus,War Threats,w_example_46.json,65
07/03/2023 18:10:58,China,No Change,['Machinery'],1.0,Transmission_Apparatus,War Threats,w_example_46.json,65
07/03/2023 18:10:58,China,No Change,['Machinery'],1.0,Transmission_Apparatus,War Threats,w_example_46.json,65
07/03/2023 18:10:58,Russia,['Oil'],No Change,1.0,Petroleum,Oil Supply Shock,w_example_46.json,65
07/03/2023 18:12:10,China,No Change,['Machinery'],1.0,Transmission_Apparatus,War Threats,w_example_47.json,66
07/03/2023 18:12:10,China,No Change,['Machinery'],1.0,Transmission_Apparatus,War Threats,w_example_47.json,66
07/03/2023 18:13:13,China,No Change,['Machinery'],1.0,Transmission_Apparatus,War Threats,w_example_47.json,67
07/03/2023 18:13:13,China,No Change,['Machinery'],1.0,Transmission_Apparatus,War Threats,w_example_47.json,67
07/03/2023 18:14:17,China,No Change,['Machinery'],1.0,Transmission_Apparatus,War Threats,w_example_48.json,68
07/03/2023 18:14:17,Russia,['Oil'],No Change,1.0,Petroleum,Oil Supply Shock,w_example_48.json,68
07/03/2023 18:14:17,Russia,['Oil'],No Change,1.0,Petroleum,Oil Supply Shock,w_example_48.json,68
07/03/2023 18:15:35,China,No Change,['Machinery'],1.0,Transmission_Apparatus,War Threats,w_example_49.json,69
07/03/2023 18:15:35,Russia,['Oil'],No Change,1.0,Petroleum,Oil Supply Shock,w_example_49.json,69
07/03/2023 18:16:59,Russia,['Oil'],No Change,1.0,Petroleum,Oil Supply Shock,w_example_50.json,70
07/03/2023 18:16:59,Japan,No Change,['Vehicles'],1.0,Cars,Oil Supply Shock,w_example_50.json,70
07/03/2023 18:18:01,China,No Change,['Machinery'],1.0,Transmission_Apparatus,War Threats,w_example_51.json,71
07/03/2023 18:18:01,China,No Change,['Machinery'],1.0,Transmission_Apparatus,War Threats,w_example_51.json,71
07/03/2023 18:18:01,China,No Change,['Machinery'],1.0,Transmission_Apparatus,War Threats,w_example_51.json,71
07/03/2023 18:18:01,Japan,No Change,['Vehicles'],1.0,Cars,Oil Supply Shock,w_example_51.json,71
07/03/2023 18:19:00,China,No Change,['Machinery'],1.0,Transmission_Apparatus,War Threats,w_example_51.json,72
07/03/2023 18:19:00,China,No Change,['Machinery'],1.0,Transmission_Apparatus,War Threats,w_example_51.json,72
07/03/2023 18:19:00,China,No Change,['Machinery'],1.0,Transmission_Apparatus,War Threats,w_example_51.json,72
07/03/2023 18:19:00,Japan,No Change,['Vehicles'],1.0,Cars,Oil Supply Shock,w_example_51.json,72
07/03/2023 18:20:57,Afghanistan,['Food'],No Change,0.0,Grapes,US-China Relations,w_example_53.json,74
07/03/2023 18:20:57,China,No Change,['Machinery'],1.0,Transmission_Apparatus,War Threats,w_example_53.json,74
07/03/2023 18:20:57,Russia,['Oil'],No Change,1.0,Petroleum,Oil Supply Shock,w_example_53.json,74
07/03/2023 18:20:57,Russia,['Oil'],No Change,1.0,Petroleum,Oil Supply Shock,w_example_53.json,74
07/03/2023 18:20:57,Japan,No Change,['Vehicles'],1.0,Cars,Oil Supply Shock,w_example_53.json,74
07/03/2023 18:21:57,Afghanistan,['Food'],No Change,0.0,Grapes,US-China Relations,w_example_53.json,75
07/03/2023 18:21:57,China,No Change,['Machinery'],1.0,Transmission_Apparatus,War Threats,w_example_53.json,75
07/03/2023 18:21:57,Russia,['Oil'],No Change,1.0,Petroleum,Oil Supply Shock,w_example_53.json,75
07/03/2023 18:21:57,Russia,['Oil'],No Change,1.0,Petroleum,Oil Supply Shock,w_example_53.json,75
07/03/2023 18:21:57,Japan,No Change,['Vehicles'],1.0,Cars,Oil Supply Shock,w_example_53.json,75
07/03/2023 18:22:57,Netherlands,No Change,['Oil'],0.0,Petroleum,Cyber Warfare,w_example_54.json,76
07/03/2023 18:22:57,China,No Change,['Machinery'],1.0,Transmission_Apparatus,War Threats,w_example_54.json,76
07/03/2023 18:22:57,New Zealand,['Food'],No Change,1.0,Milk,US-China Relations,w_example_54.json,76
07/03/2023 18:22:57,China,No Change,['Machinery'],1.0,Transmission_Apparatus,War Threats,w_example_54.json,76
07/03/2023 18:22:57,Iran,No Change,['Oil'],0.0,Petroleum,Cyber Warfare,w_example_54.json,76
07/03/2023 18:22:57,Iran,No Change,['Oil'],0.0,Petroleum,Cyber Warfare,w_example_54.json,76
07/03/2023 18:22:57,Russia,No Change,['Oil'],1.0,Petroleum,Cyber Warfare,w_example_54.json,76
07/03/2023 18:22:57,Germany,No Change,['Vehicles'],1.0,Cars,Oil Supply Shock,w_example_54.json,76
07/03/2023 18:22:57,Russia,['Oil'],No Change,1.0,Petroleum,Oil Supply Shock,w_example_54.json,76
07/03/2023 18:22:57,Germany,No Change,['Vehicles'],1.0,Cars,Oil Supply Shock,w_example_54.json,76
07/03/2023 18:23:57,Netherlands,No Change,['Oil'],0.0,Petroleum,Cyber Warfare,w_example_54.json,77
07/03/2023 18:23:57,China,No Change,['Machinery'],1.0,Transmission_Apparatus,War Threats,w_example_54.json,77
07/03/2023 18:23:57,New Zealand,['Food'],No Change,1.0,Milk,US-China Relations,w_example_54.json,77
07/03/2023 18:23:57,China,No Change,['Machinery'],1.0,Transmission_Apparatus,War Threats,w_example_54.json,77
07/03/2023 18:23:57,Iran,No Change,['Oil'],0.0,Petroleum,Cyber Warfare,w_example_54.json,77
07/03/2023 18:23:57,Iran,No Change,['Oil'],0.0,Petroleum,Cyber Warfare,w_example_54.json,77
07/03/2023 18:23:57,Russia,No Change,['Oil'],1.0,Petroleum,Cyber Warfare,w_example_54.json,77
07/03/2023 18:23:57,Germany,No Change,['Vehicles'],1.0,Cars,Oil Supply Shock,w_example_54.json,77
07/03/2023 18:23:57,Russia,['Oil'],No Change,1.0,Petroleum,Oil Supply Shock,w_example_54.json,77
07/03/2023 18:23:57,Germany,No Change,['Vehicles'],1.0,Cars,Oil Supply Shock,w_example_54.json,77
07/03/2023 18:24:55,Russia,['Oil'],No Change,1.0,Petroleum,Oil Supply Shock,w_example_55.json,78
07/03/2023 18:24:55,Russia,['Oil'],No Change,1.0,Petroleum,Oil Supply Shock,w_example_55.json,78
07/03/2023 18:25:42,Russia,['Oil'],No Change,1.0,Petroleum,Oil Supply Shock,w_example_55.json,79
07/03/2023 18:25:42,Russia,['Oil'],No Change,1.0,Petroleum,Oil Supply Shock,w_example_55.json,79
07/03/2023 18:26:28,Russia,['Oil'],No Change,1.0,Petroleum,Oil Supply Shock,w_example_56.json,80
07/03/2023 18:26:28,U.S.,['Oil'],No Change,1.0,Petroleum,Oil Supply Shock,w_example_56.json,80
07/03/2023 18:26:28,Japan,No Change,['Vehicles'],1.0,Cars,Oil Supply Shock,w_example_56.json,80
07/03/2023 18:27:34,Russia,['Oil'],No Change,1.0,Petroleum,Oil Supply Shock,w_example_56.json,81
07/03/2023 18:27:34,U.S.,['Oil'],No Change,1.0,Petroleum,Oil Supply Shock,w_example_56.json,81
07/03/2023 18:27:34,Japan,No Change,['Vehicles'],1.0,Cars,Oil Supply Shock,w_example_56.json,81
07/03/2023 18:28:37,China,No Change,['Machinery'],1.0,Transmission_Apparatus,War Threats,w_example_57.json,82
07/03/2023 18:28:37,China,No Change,['Machinery'],1.0,Transmission_Apparatus,War Threats,w_example_57.json,82
07/03/2023 18:29:41,China,No Change,['Machinery'],1.0,Transmission_Apparatus,War Threats,w_example_57.json,83
07/03/2023 18:29:41,China,No Change,['Machinery'],1.0,Transmission_Apparatus,War Threats,w_example_57.json,83
07/03/2023 18:32:23,Brazil,['Food'],No Change,1.0,Soy_Beans,US-China Relations,w_example_59.json,86
07/03/2023 18:33:21,Brazil,['Food'],No Change,1.0,Soy_Beans,US-China Relations,w_example_59.json,87
07/03/2023 18:34:17,Russia,['Oil'],No Change,1.0,Petroleum,Oil Supply Shock,w_example_60.json,88
07/03/2023 18:34:17,Kazakhstan,['Oil'],No Change,1.0,Petroleum,Oil Supply Shock,w_example_60.json,88
07/03/2023 18:34:17,Russia,['Oil'],No Change,1.0,Petroleum,Oil Supply Shock,w_example_60.json,88
07/03/2023 18:35:18,Russia,['Oil'],No Change,1.0,Petroleum,Oil Supply Shock,w_example_60.json,89
07/03/2023 18:35:18,Kazakhstan,['Oil'],No Change,1.0,Petroleum,Oil Supply Shock,w_example_60.json,89
07/03/2023 18:35:18,Russia,['Oil'],No Change,1.0,Petroleum,Oil Supply Shock,w_example_60.json,89
07/03/2023 18:36:18,China,No Change,['Machinery'],1.0,Transmission_Apparatus,War Threats,w_example_61.json,90
07/03/2023 18:36:18,Russia,['Oil'],No Change,1.0,Petroleum,Oil Supply Shock,w_example_61.json,90
07/03/2023 18:36:18,China,No Change,['Machinery'],1.0,Transmission_Apparatus,War Threats,w_example_61.json,90
07/03/2023 18:36:18,China,No Change,['Machinery'],1.0,Transmission_Apparatus,War Threats,w_example_61.json,90
07/03/2023 18:36:18,Russia,['Oil'],No Change,1.0,Petroleum,Oil Supply Shock,w_example_61.json,90
07/03/2023 18:36:18,Russia,['Oil'],No Change,1.0,Petroleum,Oil Supply Shock,w_example_61.json,90
07/03/2023 18:36:18,Russia,['Oil'],No Change,1.0,Petroleum,Oil Supply Shock,w_example_61.json,90
07/03/2023 18:36:18,Russia,['Oil'],No Change,1.0,Petroleum,Oil Supply Shock,w_example_61.json,90
07/03/2023 18:37:21,Russia,['Oil'],No Change,1.0,Petroleum,Oil Supply Shock,w_example_62.json,91
07/03/2023 18:37:21,Russia,['Oil'],No Change,1.0,Petroleum,Oil Supply Shock,w_example_62.json,91
07/03/2023 18:38:22,Russia,['Oil'],No Change,1.0,Petroleum,Oil Supply Shock,w_example_62.json,92
07/03/2023 18:38:22,Russia,['Oil'],No Change,1.0,Petroleum,Oil Supply Shock,w_example_62.json,92
07/03/2023 18:39:20,Russia,No Change,['Oil'],1.0,Petroleum,Cyber Warfare,w_example_63.json,93
07/03/2023 18:39:20,China,No Change,['Machinery'],1.0,Transmission_Apparatus,War Threats,w_example_63.json,93
07/03/2023 18:39:20,China,No Change,['Machinery'],1.0,Transmission_Apparatus,War Threats,w_example_63.json,93
07/03/2023 18:39:20,Russia,['Oil'],No Change,1.0,Petroleum,Oil Supply Shock,w_example_63.json,93
07/03/2023 18:39:20,Japan,No Change,['Vehicles'],1.0,Cars,Oil Supply Shock,w_example_63.json,93
07/03/2023 18:39:20,Russia,['Oil'],No Change,1.0,Petroleum,Oil Supply Shock,w_example_63.json,93
07/03/2023 18:40:24,Russia,No Change,['Oil'],1.0,Petroleum,Cyber Warfare,w_example_63.json,94
07/03/2023 18:40:24,China,No Change,['Machinery'],1.0,Transmission_Apparatus,War Threats,w_example_63.json,94
07/03/2023 18:40:24,China,No Change,['Machinery'],1.0,Transmission_Apparatus,War Threats,w_example_63.json,94
07/03/2023 18:40:24,Russia,['Oil'],No Change,1.0,Petroleum,Oil Supply Shock,w_example_63.json,94
07/03/2023 18:40:24,Japan,No Change,['Vehicles'],1.0,Cars,Oil Supply Shock,w_example_63.json,94
07/03/2023 18:40:24,Russia,['Oil'],No Change,1.0,Petroleum,Oil Supply Shock,w_example_63.json,94
07/03/2023 18:43:27,China,No Change,['Machinery'],1.0,Transmission_Apparatus,War Threats,w_example_65.json,97
07/03/2023 18:43:27,Russia,['Oil'],No Change,1.0,Petroleum,Oil Supply Shock,w_example_65.json,97
07/03/2023 18:43:27,Russia,['Oil'],No Change,1.0,Petroleum,Oil Supply Shock,w_example_65.json,97
07/03/2023 18:43:27,Russia,['Oil'],No Change,1.0,Petroleum,Oil Supply Shock,w_example_65.json,97
07/03/2023 18:44:30,Russia,['Oil'],No Change,1.0,Petroleum,Oil Supply Shock,w_example_66.json,98
07/03/2023 18:44:30,Russia,['Oil'],No Change,1.0,Petroleum,Oil Supply Shock,w_example_66.json,98
07/03/2023 18:44:30,Saudi Arabia,['Oil'],No Change,0.0,Petroleum,Oil Supply Shock,w_example_66.json,98
07/03/2023 18:44:30,Russia,['Oil'],No Change,1.0,Petroleum,Oil Supply Shock,w_example_66.json,98
07/03/2023 18:44:30,Russia,['Oil'],No Change,1.0,Petroleum,Oil Supply Shock,w_example_66.json,98
07/03/2023 18:45:39,Russia,['Oil'],No Change,1.0,Petroleum,Oil Supply Shock,w_example_66.json,99
07/03/2023 18:45:39,Russia,['Oil'],No Change,1.0,Petroleum,Oil Supply Shock,w_example_66.json,99
07/03/2023 18:45:39,Saudi Arabia,['Oil'],No Change,0.0,Petroleum,Oil Supply Shock,w_example_66.json,99
07/03/2023 18:45:39,Russia,['Oil'],No Change,1.0,Petroleum,Oil Supply Shock,w_example_66.json,99
07/03/2023 18:45:39,Russia,['Oil'],No Change,1.0,Petroleum,Oil Supply Shock,w_example_66.json,99
07/03/2023 18:46:47,Ukraine,['Food'],No Change,1.0,Sun-Flower Seeds,US-China Relations,w_example_67.json,100
07/03/2023 18:46:47,China,No Change,['Machinery'],1.0,Transmission_Apparatus,War Threats,w_example_67.json,100
07/03/2023 18:46:47,Japan,No Change,['Vehicles'],1.0,Cars,Oil Supply Shock,w_example_67.json,100
07/03/2023 18:47:49,Ukraine,['Food'],No Change,1.0,Sun-Flower Seeds,US-China Relations,w_example_67.json,101
07/03/2023 18:47:49,China,No Change,['Machinery'],1.0,Transmission_Apparatus,War Threats,w_example_67.json,101
07/03/2023 18:47:49,Japan,No Change,['Vehicles'],1.0,Cars,Oil Supply Shock,w_example_67.json,101
07/03/2023 18:48:51,China,No Change,['Machinery'],1.0,Transmission_Apparatus,War Threats,w_example_68.json,102
07/03/2023 18:49:55,China,No Change,['Machinery'],1.0,Transmission_Apparatus,War Threats,w_example_69.json,103
07/03/2023 18:49:55,Russia,['Oil'],No Change,1.0,Petroleum,Oil Supply Shock,w_example_69.json,103
07/03/2023 18:49:55,Iraq,['Oil'],No Change,1.0,Petroleum,Oil Supply Shock,w_example_69.json,103
07/03/2023 18:49:55,Russia,['Oil'],No Change,1.0,Petroleum,Oil Supply Shock,w_example_69.json,103
07/03/2023 18:50:57,China,No Change,['Machinery'],1.0,Transmission_Apparatus,War Threats,w_example_69.json,104
07/03/2023 18:50:57,Russia,['Oil'],No Change,1.0,Petroleum,Oil Supply Shock,w_example_69.json,104
07/03/2023 18:50:57,Iraq,['Oil'],No Change,1.0,Petroleum,Oil Supply Shock,w_example_69.json,104
07/03/2023 18:50:57,Russia,['Oil'],No Change,1.0,Petroleum,Oil Supply Shock,w_example_69.json,104
07/03/2023 18:51:50,Ukraine,['Food'],No Change,1.0,Sun-Flower Seeds,US-China Relations,w_example_70.json,105
07/03/2023 18:52:54,Ukraine,['Food'],No Change,1.0,Sun-Flower Seeds,US-China Relations,w_example_70.json,106
07/03/2023 18:54:00,Japan,No Change,['Vehicles'],1.0,Cars,Oil Supply Shock,w_example_71.json,107
07/03/2023 18:54:56,Russia,['Oil'],No Change,1.0,Petroleum,Oil Supply Shock,w_example_72.json,108
07/03/2023 18:55:53,Russia,['Oil'],No Change,1.0,Petroleum,Oil Supply Shock,w_example_72.json,109
07/03/2023 18:56:49,Egypt,No Change,['Oil'],0.0,Petroleum,US-China Relations,w_example_73.json,110
07/03/2023 18:57:57,Egypt,No Change,['Oil'],0.0,Petroleum,US-China Relations,w_example_73.json,111
07/03/2023 18:59:08,Japan,No Change,['Vehicles'],1.0,Cars,Oil Supply Shock,w_example_74.json,112
07/03/2023 19:00:12,Japan,No Change,['Vehicles'],1.0,Cars,Oil Supply Shock,w_example_74.json,113
07/03/2023 19:01:16,Russia,['Oil'],No Change,1.0,Petroleum,Oil Supply Shock,w_example_75.json,114
07/03/2023 19:01:16,Russia,['Oil'],No Change,1.0,Petroleum,Oil Supply Shock,w_example_75.json,114
07/03/2023 19:01:16,Nigeria,No Change,['Oil'],1.0,Petroleum,US-China Relations,w_example_75.json,114
07/03/2023 19:01:16,Nigeria,No Change,['Oil'],1.0,Petroleum,US-China Relations,w_example_75.json,114
07/03/2023 19:02:22,Russia,['Oil'],No Change,1.0,Petroleum,Oil Supply Shock,w_example_75.json,115
07/03/2023 19:02:22,Russia,['Oil'],No Change,1.0,Petroleum,Oil Supply Shock,w_example_75.json,115
07/03/2023 19:02:22,Nigeria,No Change,['Oil'],1.0,Petroleum,US-China Relations,w_example_75.json,115
07/03/2023 19:02:22,Nigeria,No Change,['Oil'],1.0,Petroleum,US-China Relations,w_example_75.json,115
07/03/2023 19:03:33,U.S.,['Oil'],No Change,1.0,Petroleum,Oil Supply Shock,w_example_76.json,116
07/03/2023 19:03:33,Japan,No Change,['Vehicles'],1.0,Cars,Oil Supply Shock,w_example_76.json,116
07/03/2023 19:04:49,Kazakhstan,['Oil'],No Change,1.0,Petroleum,Oil Supply Shock,w_example_77.json,117
07/03/2023 19:04:49,Oman,['Oil'],No Change,1.0,Petroleum,Oil Supply Shock,w_example_77.json,117
07/03/2023 19:04:49,Oman,['Oil'],No Change,1.0,Petroleum,Oil Supply Shock,w_example_77.json,117
07/03/2023 19:04:49,Japan,No Change,['Vehicles'],1.0,Cars,Oil Supply Shock,w_example_77.json,117
07/03/2023 19:04:49,Japan,No Change,['Vehicles'],1.0,Cars,Oil Supply Shock,w_example_77.json,117
07/03/2023 19:06:05,Kazakhstan,['Oil'],No Change,1.0,Petroleum,Oil Supply Shock,w_example_77.json,118
07/03/2023 19:06:05,Oman,['Oil'],No Change,1.0,Petroleum,Oil Supply Shock,w_example_77.json,118
07/03/2023 19:06:05,Oman,['Oil'],No Change,1.0,Petroleum,Oil Supply Shock,w_example_77.json,118
07/03/2023 19:06:05,Japan,No Change,['Vehicles'],1.0,Cars,Oil Supply Shock,w_example_77.json,118
07/03/2023 19:06:05,Japan,No Change,['Vehicles'],1.0,Cars,Oil Supply Shock,w_example_77.json,118
07/03/2023 19:07:17,Ukraine,['Food'],No Change,1.0,Sun-Flower Seeds,US-China Relations,w_example_78.json,119
07/03/2023 19:07:17,Russia,['Oil'],No Change,1.0,Petroleum,Oil Supply Shock,w_example_78.json,119
07/03/2023 19:07:17,Egypt,['Oil'],No Change,0.0,Petroleum,Oil Supply Shock,w_example_78.json,119
07/03/2023 19:08:35,Iraq,['Oil'],No Change,1.0,Petroleum,Oil Supply Shock,w_example_79.json,120
07/03/2023 19:08:35,China,No Change,['Machinery'],1.0,Transmission_Apparatus,War Threats,w_example_79.json,120
07/03/2023 19:08:35,Japan,No Change,['Vehicles'],1.0,Cars,Oil Supply Shock,w_example_79.json,120
07/03/2023 19:09:46,Iraq,['Oil'],No Change,1.0,Petroleum,Oil Supply Shock,w_example_79.json,121
07/03/2023 19:09:46,China,No Change,['Machinery'],1.0,Transmission_Apparatus,War Threats,w_example_79.json,121
07/03/2023 19:09:46,Japan,No Change,['Vehicles'],1.0,Cars,Oil Supply Shock,w_example_79.json,121
07/03/2023 19:10:59,Russia,['Oil'],No Change,1.0,Petroleum,Oil Supply Shock,w_example_80.json,122
07/03/2023 19:10:59,Afghanistan,['Food'],No Change,0.0,Grapes,US-China Relations,w_example_80.json,122
07/03/2023 19:10:59,Iraq,No Change,['Oil'],1.0,Petroleum,US-China Relations,w_example_80.json,122
07/03/2023 19:12:15,Russia,['Oil'],No Change,1.0,Petroleum,Oil Supply Shock,w_example_80.json,123
07/03/2023 19:12:15,Afghanistan,['Food'],No Change,0.0,Grapes,US-China Relations,w_example_80.json,123
07/03/2023 19:12:15,Iraq,No Change,['Oil'],1.0,Petroleum,US-China Relations,w_example_80.json,123
07/03/2023 19:15:23,Saudi Arabia,['Oil'],No Change,0.0,Petroleum,Oil Supply Shock,w_example_82.json,126
07/03/2023 19:16:25,Saudi Arabia,['Oil'],No Change,0.0,Petroleum,Oil Supply Shock,w_example_82.json,127
07/03/2023 19:17:22,Saudi Arabia,['Oil'],No Change,0.0,Petroleum,Oil Supply Shock,w_example_82.json,128
07/03/2023 19:18:26,China,No Change,['Machinery'],1.0,Transmission_Apparatus,War Threats,w_example_83.json,129
07/03/2023 19:19:37,China,No Change,['Machinery'],1.0,Transmission_Apparatus,War Threats,w_example_83.json,130
07/03/2023 19:20:49,Japan,No Change,['Vehicles'],1.0,Cars,Oil Supply Shock,w_example_84.json,131
07/03/2023 19:20:49,Japan,No Change,['Vehicles'],1.0,Cars,Oil Supply Shock,w_example_84.json,131
07/03/2023 19:21:56,Japan,No Change,['Vehicles'],1.0,Cars,Oil Supply Shock,w_example_84.json,132
07/03/2023 19:21:56,Japan,No Change,['Vehicles'],1.0,Cars,Oil Supply Shock,w_example_84.json,132
07/03/2023 19:23:01,China,No Change,['Machinery'],1.0,Transmission_Apparatus,War Threats,w_example_85.json,133
07/03/2023 19:23:01,Belarus,No Change,['Oil'],0.0,Petroleum,US-China Relations,w_example_85.json,133
07/03/2023 19:23:01,Russia,No Change,['Oil'],1.0,Petroleum,US-China Relations,w_example_85.json,133
07/03/2023 19:24:08,China,No Change,['Machinery'],1.0,Transmission_Apparatus,War Threats,w_example_85.json,134
07/03/2023 19:24:08,Belarus,No Change,['Oil'],0.0,Petroleum,US-China Relations,w_example_85.json,134
07/03/2023 19:24:08,Russia,No Change,['Oil'],1.0,Petroleum,US-China Relations,w_example_85.json,134
07/03/2023 19:25:13,China,No Change,['Machinery'],1.0,Transmission_Apparatus,War Threats,w_example_86.json,135
07/03/2023 19:25:13,India,No Change,['Clothing'],1.0,Textiles,Goldstein Negative,w_example_86.json,135
07/03/2023 19:25:13,Russia,No Change,['Oil'],1.0,Petroleum,Cyber Warfare,w_example_86.json,135
07/03/2023 19:25:13,Russia,No Change,['Oil'],1.0,Petroleum,Cyber Warfare,w_example_86.json,135
07/03/2023 19:26:16,Russia,['Oil'],No Change,1.0,Petroleum,Oil Supply Shock,w_example_87.json,136
07/03/2023 19:26:16,China,No Change,['Machinery'],1.0,Transmission_Apparatus,War Threats,w_example_87.json,136
07/03/2023 19:26:16,China,No Change,['Machinery'],1.0,Transmission_Apparatus,War Threats,w_example_87.json,136
07/03/2023 19:26:16,China,No Change,['Machinery'],1.0,Transmission_Apparatus,War Threats,w_example_87.json,136
07/03/2023 19:26:16,Iraq,['Oil'],No Change,1.0,Petroleum,Oil Supply Shock,w_example_87.json,136
07/03/2023 19:27:15,Russia,['Oil'],No Change,1.0,Petroleum,Oil Supply Shock,w_example_87.json,137
07/03/2023 19:27:15,China,No Change,['Machinery'],1.0,Transmission_Apparatus,War Threats,w_example_87.json,137
07/03/2023 19:27:15,China,No Change,['Machinery'],1.0,Transmission_Apparatus,War Threats,w_example_87.json,137
07/03/2023 19:27:15,China,No Change,['Machinery'],1.0,Transmission_Apparatus,War Threats,w_example_87.json,137
07/03/2023 19:27:15,Iraq,['Oil'],No Change,1.0,Petroleum,Oil Supply Shock,w_example_87.json,137
07/03/2023 19:28:05,Russia,['Oil'],No Change,1.0,Petroleum,Oil Supply Shock,w_example_87.json,138
07/03/2023 19:28:05,China,No Change,['Machinery'],1.0,Transmission_Apparatus,War Threats,w_example_87.json,138
07/03/2023 19:28:05,China,No Change,['Machinery'],1.0,Transmission_Apparatus,War Threats,w_example_87.json,138
07/03/2023 19:28:05,China,No Change,['Machinery'],1.0,Transmission_Apparatus,War Threats,w_example_87.json,138
07/03/2023 19:28:05,Iraq,['Oil'],No Change,1.0,Petroleum,Oil Supply Shock,w_example_87.json,138
07/03/2023 19:28:55,Iraq,['Oil'],No Change,1.0,Petroleum,Oil Supply Shock,w_example_88.json,139
07/03/2023 19:28:55,Nigeria,['Oil'],No Change,1.0,Petroleum,Oil Supply Shock,w_example_88.json,139
07/03/2023 19:28:55,China,No Change,['Machinery'],1.0,Transmission_Apparatus,War Threats,w_example_88.json,139
07/03/2023 19:28:55,Russia,['Oil'],No Change,1.0,Petroleum,Oil Supply Shock,w_example_88.json,139
07/03/2023 19:28:55,Iran,['Oil'],No Change,0.0,Petroleum,Oil Supply Shock,w_example_88.json,139
07/03/2023 19:28:55,Russia,['Oil'],No Change,1.0,Petroleum,Oil Supply Shock,w_example_88.json,139
07/03/2023 19:29:51,Iraq,['Oil'],No Change,1.0,Petroleum,Oil Supply Shock,w_example_88.json,140
07/03/2023 19:29:51,Nigeria,['Oil'],No Change,1.0,Petroleum,Oil Supply Shock,w_example_88.json,140
07/03/2023 19:29:51,China,No Change,['Machinery'],1.0,Transmission_Apparatus,War Threats,w_example_88.json,140
07/03/2023 19:29:51,Russia,['Oil'],No Change,1.0,Petroleum,Oil Supply Shock,w_example_88.json,140
07/03/2023 19:29:51,Iran,['Oil'],No Change,0.0,Petroleum,Oil Supply Shock,w_example_88.json,140
07/03/2023 19:29:51,Russia,['Oil'],No Change,1.0,Petroleum,Oil Supply Shock,w_example_88.json,140
07/03/2023 19:30:49,Iraq,['Oil'],No Change,1.0,Petroleum,Oil Supply Shock,w_example_88.json,141
07/03/2023 19:30:49,Nigeria,['Oil'],No Change,1.0,Petroleum,Oil Supply Shock,w_example_88.json,141
07/03/2023 19:30:49,China,No Change,['Machinery'],1.0,Transmission_Apparatus,War Threats,w_example_88.json,141
07/03/2023 19:30:49,Russia,['Oil'],No Change,1.0,Petroleum,Oil Supply Shock,w_example_88.json,141
07/03/2023 19:30:49,Iran,['Oil'],No Change,0.0,Petroleum,Oil Supply Shock,w_example_88.json,141
07/03/2023 19:30:49,Russia,['Oil'],No Change,1.0,Petroleum,Oil Supply Shock,w_example_88.json,141
07/03/2023 19:31:46,Russia,['Oil'],No Change,1.0,Petroleum,Oil Supply Shock,w_example_89.json,142
07/03/2023 19:31:46,Russia,['Oil'],No Change,1.0,Petroleum,Oil Supply Shock,w_example_89.json,142
07/03/2023 19:32:52,Russia,['Oil'],No Change,1.0,Petroleum,Oil Supply Shock,w_example_89.json,143
07/03/2023 19:32:52,Russia,['Oil'],No Change,1.0,Petroleum,Oil Supply Shock,w_example_89.json,143
07/03/2023 19:33:56,U.S.,No Change,['Oil'],1.0,Petroleum,US-China Relations,w_example_90.json,144
07/03/2023 19:33:56,U.S.,No Change,['Oil'],1.0,Petroleum,US-China Relations,w_example_90.json,144
07/03/2023 19:33:56,Russia,No Change,['Oil'],1.0,Petroleum,US-China Relations,w_example_90.json,144
07/03/2023 19:33:56,Ukraine,['Food'],No Change,1.0,Sun-Flower Seeds,US-China Relations,w_example_90.json,144
07/03/2023 19:33:56,Russia,No Change,['Oil'],1.0,Petroleum,Cyber Warfare,w_example_90.json,144
07/03/2023 19:34:57,U.S.,No Change,['Oil'],1.0,Petroleum,US-China Relations,w_example_90.json,145
07/03/2023 19:34:57,U.S.,No Change,['Oil'],1.0,Petroleum,US-China Relations,w_example_90.json,145
07/03/2023 19:34:57,Russia,No Change,['Oil'],1.0,Petroleum,US-China Relations,w_example_90.json,145
07/03/2023 19:34:57,Ukraine,['Food'],No Change,1.0,Sun-Flower Seeds,US-China Relations,w_example_90.json,145
07/03/2023 19:34:57,Russia,No Change,['Oil'],1.0,Petroleum,Cyber Warfare,w_example_90.json,145
07/03/2023 19:35:58,U.S.,No Change,['Oil'],1.0,Petroleum,US-China Relations,w_example_90.json,146
07/03/2023 19:35:58,U.S.,No Change,['Oil'],1.0,Petroleum,US-China Relations,w_example_90.json,146
07/03/2023 19:35:58,Russia,No Change,['Oil'],1.0,Petroleum,US-China Relations,w_example_90.json,146
07/03/2023 19:35:58,Ukraine,['Food'],No Change,1.0,Sun-Flower Seeds,US-China Relations,w_example_90.json,146
07/03/2023 19:35:58,Russia,No Change,['Oil'],1.0,Petroleum,Cyber Warfare,w_example_90.json,146
07/03/2023 19:36:57,China,No Change,['Machinery'],1.0,Transmission_Apparatus,War Threats,w_example_91.json,147
07/03/2023 19:38:05,China,No Change,['Machinery'],1.0,Transmission_Apparatus,War Threats,w_example_91.json,148
07/03/2023 19:39:11,China,No Change,['Machinery'],1.0,Transmission_Apparatus,War Threats,w_example_92.json,149
07/03/2023 19:39:11,China,No Change,['Machinery'],1.0,Transmission_Apparatus,War Threats,w_example_92.json,149
07/03/2023 19:39:11,Russia,['Oil'],No Change,1.0,Petroleum,Oil Supply Shock,w_example_92.json,149
07/03/2023 19:39:11,Japan,No Change,['Vehicles'],1.0,Cars,Oil Supply Shock,w_example_92.json,149
07/03/2023 19:40:07,China,No Change,['Machinery'],1.0,Transmission_Apparatus,War Threats,w_example_92.json,150
07/03/2023 19:40:07,China,No Change,['Machinery'],1.0,Transmission_Apparatus,War Threats,w_example_92.json,150
07/03/2023 19:40:07,Russia,['Oil'],No Change,1.0,Petroleum,Oil Supply Shock,w_example_92.json,150
07/03/2023 19:40:07,Japan,No Change,['Vehicles'],1.0,Cars,Oil Supply Shock,w_example_92.json,150
07/03/2023 19:41:03,China,No Change,['Machinery'],1.0,Transmission_Apparatus,War Threats,w_example_93.json,151
07/03/2023 19:41:03,China,No Change,['Machinery'],1.0,Transmission_Apparatus,War Threats,w_example_93.json,151
07/03/2023 19:42:06,China,No Change,['Machinery'],1.0,Transmission_Apparatus,War Threats,w_example_93.json,152
07/03/2023 19:42:06,China,No Change,['Machinery'],1.0,Transmission_Apparatus,War Threats,w_example_93.json,152
07/03/2023 19:43:08,U.S.,['Oil'],No Change,1.0,Petroleum,Oil Supply Shock,w_example_94.json,153
07/03/2023 19:44:13,U.S.,['Oil'],No Change,1.0,Petroleum,Oil Supply Shock,w_example_94.json,154
07/03/2023 19:45:18,India,No Change,['Clothing'],1.0,Textiles,Goldstein Negative,w_example_95.json,155
07/03/2023 19:45:18,Russia,['Oil'],No Change,1.0,Petroleum,Oil Supply Shock,w_example_95.json,155
07/03/2023 19:45:18,Japan,No Change,['Vehicles'],1.0,Cars,Oil Supply Shock,w_example_95.json,155
07/03/2023 19:46:22,India,No Change,['Clothing'],1.0,Textiles,Goldstein Negative,w_example_95.json,156
07/03/2023 19:46:22,Russia,['Oil'],No Change,1.0,Petroleum,Oil Supply Shock,w_example_95.json,156
07/03/2023 19:46:22,Japan,No Change,['Vehicles'],1.0,Cars,Oil Supply Shock,w_example_95.json,156
07/03/2023 19:47:22,China,No Change,['Machinery'],1.0,Transmission_Apparatus,War Threats,w_example_96.json,157
07/03/2023 19:47:22,Nigeria,['Oil'],No Change,1.0,Petroleum,Oil Supply Shock,w_example_96.json,157
07/03/2023 19:47:22,China,No Change,['Machinery'],1.0,Transmission_Apparatus,War Threats,w_example_96.json,157
07/03/2023 19:47:22,Russia,No Change,['Oil'],1.0,Petroleum,Cyber Warfare,w_example_96.json,157
07/03/2023 19:47:22,Iran,No Change,['Oil'],0.0,Petroleum,Cyber Warfare,w_example_96.json,157
07/03/2023 19:48:24,China,No Change,['Machinery'],1.0,Transmission_Apparatus,War Threats,w_example_96.json,158
07/03/2023 19:48:24,Nigeria,['Oil'],No Change,1.0,Petroleum,Oil Supply Shock,w_example_96.json,158
07/03/2023 19:48:24,China,No Change,['Machinery'],1.0,Transmission_Apparatus,War Threats,w_example_96.json,158
07/03/2023 19:48:24,Russia,No Change,['Oil'],1.0,Petroleum,Cyber Warfare,w_example_96.json,158
07/03/2023 19:48:24,Iran,No Change,['Oil'],0.0,Petroleum,Cyber Warfare,w_example_96.json,158
07/03/2023 19:49:25,China,No Change,['Machinery'],1.0,Transmission_Apparatus,War Threats,w_example_96.json,159
07/03/2023 19:49:25,Nigeria,['Oil'],No Change,1.0,Petroleum,Oil Supply Shock,w_example_96.json,159
07/03/2023 19:49:25,China,No Change,['Machinery'],1.0,Transmission_Apparatus,War Threats,w_example_96.json,159
07/03/2023 19:49:25,Russia,No Change,['Oil'],1.0,Petroleum,Cyber Warfare,w_example_96.json,159
07/03/2023 19:49:25,Iran,No Change,['Oil'],0.0,Petroleum,Cyber Warfare,w_example_96.json,159
07/03/2023 19:50:25,Kazakhstan,['Oil'],No Change,1.0,Petroleum,Oil Supply Shock,w_example_97.json,160
07/03/2023 19:50:25,U.S.,['Oil'],No Change,1.0,Petroleum,Oil Supply Shock,w_example_97.json,160
07/03/2023 19:50:25,Japan,No Change,['Vehicles'],1.0,Cars,Oil Supply Shock,w_example_97.json,160
07/03/2023 19:51:31,U.S.,['Oil'],No Change,1.0,Petroleum,Oil Supply Shock,w_example_98.json,161
07/03/2023 19:51:31,U.S.,['Oil'],No Change,1.0,Petroleum,Oil Supply Shock,w_example_98.json,161
07/03/2023 19:51:31,Kazakhstan,['Oil'],No Change,1.0,Petroleum,Oil Supply Shock,w_example_98.json,161
07/03/2023 19:51:31,Russia,['Oil'],No Change,1.0,Petroleum,Oil Supply Shock,w_example_98.json,161
07/03/2023 19:52:34,U.S.,['Oil'],No Change,1.0,Petroleum,Oil Supply Shock,w_example_98.json,162
07/03/2023 19:52:34,U.S.,['Oil'],No Change,1.0,Petroleum,Oil Supply Shock,w_example_98.json,162
07/03/2023 19:52:34,Kazakhstan,['Oil'],No Change,1.0,Petroleum,Oil Supply Shock,w_example_98.json,162
07/03/2023 19:52:34,Russia,['Oil'],No Change,1.0,Petroleum,Oil Supply Shock,w_example_98.json,162
07/03/2023 19:53:35,U.S.,['Oil'],No Change,1.0,Petroleum,Oil Supply Shock,w_example_98.json,163
07/03/2023 19:53:35,U.S.,['Oil'],No Change,1.0,Petroleum,Oil Supply Shock,w_example_98.json,163
07/03/2023 19:53:35,Kazakhstan,['Oil'],No Change,1.0,Petroleum,Oil Supply Shock,w_example_98.json,163
07/03/2023 19:53:35,Russia,['Oil'],No Change,1.0,Petroleum,Oil Supply Shock,w_example_98.json,163
07/03/2023 19:55:40,Russia,['Oil'],No Change,1.0,Petroleum,Oil Supply Shock,_example_100.json,165
07/03/2023 19:55:40,U.S.,['Oil'],No Change,1.0,Petroleum,Oil Supply Shock,_example_100.json,165
07/03/2023 19:55:40,Russia,['Oil'],No Change,1.0,Petroleum,Oil Supply Shock,_example_100.json,165
07/03/2023 19:55:40,Russia,No Change,['Oil'],1.0,Petroleum,US-China Relations,_example_100.json,165
07/03/2023 19:55:40,Ukraine,['Food'],No Change,1.0,Sun-Flower Seeds,US-China Relations,_example_100.json,165
07/03/2023 19:55:40,Japan,No Change,['Vehicles'],1.0,Cars,Oil Supply Shock,_example_100.json,165
07/03/2023 19:56:34,Russia,['Oil'],No Change,1.0,Petroleum,Oil Supply Shock,_example_100.json,166
07/03/2023 19:56:34,U.S.,['Oil'],No Change,1.0,Petroleum,Oil Supply Shock,_example_100.json,166
07/03/2023 19:56:34,Russia,['Oil'],No Change,1.0,Petroleum,Oil Supply Shock,_example_100.json,166
07/03/2023 19:56:34,Russia,No Change,['Oil'],1.0,Petroleum,US-China Relations,_example_100.json,166
07/03/2023 19:56:34,Ukraine,['Food'],No Change,1.0,Sun-Flower Seeds,US-China Relations,_example_100.json,166
07/03/2023 19:56:34,Japan,No Change,['Vehicles'],1.0,Cars,Oil Supply Shock,_example_100.json,166
07/03/2023 19:57:28,Russia,['Oil'],No Change,1.0,Petroleum,Oil Supply Shock,_example_101.json,167
07/03/2023 19:57:28,China,No Change,['Machinery'],1.0,Transmission_Apparatus,War Threats,_example_101.json,167
07/03/2023 19:58:25,Russia,['Oil'],No Change,1.0,Petroleum,Oil Supply Shock,_example_101.json,168
07/03/2023 19:58:25,China,No Change,['Machinery'],1.0,Transmission_Apparatus,War Threats,_example_101.json,168
07/03/2023 19:59:23,Russia,['Oil'],No Change,1.0,Petroleum,Oil Supply Shock,_example_101.json,169
07/03/2023 19:59:23,China,No Change,['Machinery'],1.0,Transmission_Apparatus,War Threats,_example_101.json,169
07/03/2023 20:00:22,Japan,No Change,['Vehicles'],1.0,Cars,Oil Supply Shock,_example_102.json,170
07/03/2023 20:01:26,Japan,No Change,['Vehicles'],1.0,Cars,Oil Supply Shock,_example_102.json,171
